"Medal_Type","Medal_Date","Full_Name","Sports","Event","Country","Code","Gender","Height","Weight","Birth_Date"
"Gold Medal",2024-07-27,"Remco EVENEPOEL","Cycling Road","Men's Individual Time Trial","Belgium",1903136,"Male",0,0,2000-01-25
"Bronze Medal",2024-07-27,"Wout van AERT","Cycling Road","Men's Individual Time Trial","Belgium",1903147,"Male",0,0,1994-09-15
"Gold Medal",2024-07-27,"Grace BROWN","Cycling Road","Women's Individual Time Trial","Australia",1940173,"Female",0,0,1992-07-07
"Silver Medal",2024-07-27,"Anna HENDERSON","Cycling Road","Women's Individual Time Trial","Great Britain",1912525,"Female",0,0,1998-11-14
"Gold Medal",2024-07-27,"OH Sanguk","Fencing","Men's Sabre Individual","Korea",1927149,"Male",0,0,1996-09-30
"Silver Medal",2024-07-27,"Fares FERJANI","Fencing","Men's Sabre Individual","Tunisia",1937783,"Male",0,0,1997-07-22
"Bronze Medal",2024-07-27,"Luigi SAMELE","Fencing","Men's Sabre Individual","Italy",1924595,"Male",0,0,1987-07-25
"Gold Medal",2024-07-27,"KONG Man Wai Vivian","Fencing","Women's Épée Individual","Hong Kong, China",1963262,"Female",0,0,1994-02-08
"Silver Medal",2024-07-27,"Auriane MALLO-BRETON","Fencing","Women's Épée Individual","France",1916183,"Female",0,0,1993-10-11
"Bronze Medal",2024-07-27,"Eszter MUHARI","Fencing","Women's Épée Individual","Hungary",1946375,"Female",0,0,2002-09-30
"Gold Medal",2024-07-27,"Yeldos SMETOV","Judo","Men -60 kg","Kazakhstan",1935408,"Male",0,0,1992-09-09
"Silver Medal",2024-07-27,"Luka MKHEIDZE","Judo","Men -60 kg","France",1891304,"Male",0,0,1996-01-05
"Bronze Medal",2024-07-27,"NAGAYAMA Ryuju","Judo","Men -60 kg","Japan",1896752,"Male",0,0,1996-04-15
"Bronze Medal",2024-07-27,"Francisco GARRIGOS","Judo","Men -60 kg","Spain",1563544,"Male",0,0,1994-12-09
"Gold Medal",2024-07-27,"TSUNODA Natsumi","Judo","Women -48 kg","Japan",1896735,"Female",0,0,1992-08-06
"Silver Medal",2024-07-27,"Baasankhuu BAVUUDORJ","Judo","Women -48 kg","Mongolia",1914467,"Female",0,0,1999-11-26
"Bronze Medal",2024-07-27,"Shirine BOUKLI","Judo","Women -48 kg","France",1891280,"Female",0,0,1999-01-24
"Bronze Medal",2024-07-27,"Tara BABULFATH","Judo","Women -48 kg","Sweden",1571911,"Female",0,0,2006-01-03
"Gold Medal",2024-07-27,"Lukas MAERTENS","Swimming","Men's 400m Freestyle","Germany",1907192,"Male",0,0,2001-12-27
"Silver Medal",2024-07-27,"Elijah WINNINGTON","Swimming","Men's 400m Freestyle","Australia",1946172,"Male",0,0,2000-05-05
"Bronze Medal",2024-07-27,"KIM Woomin","Swimming","Men's 400m Freestyle","Korea",4654306,"Male",0,0,2001-08-24
"Gold Medal",2024-07-27,"Ariarne TITMUS","Swimming","Women's 400m Freestyle","Australia",1946150,"Female",0,0,2000-09-07
"Silver Medal",2024-07-27,"Summer McINTOSH","Swimming","Women's 400m Freestyle","Canada",1967140,"Female",0,0,2006-08-18
"Bronze Medal",2024-07-27,"Katie LEDECKY","Swimming","Women's 400m Freestyle","United States",1935938,"Female",0,0,1997-03-17
"Gold Medal",2024-07-28,"Jessica FOX","Canoe Slalom","Women's Kayak Single","Australia",1940205,"Female",0,0,1994-06-11
"Silver Medal",2024-07-28,"Klaudia ZWOLINSKA","Canoe Slalom","Women's Kayak Single","Poland",1942126,"Female",0,0,1998-12-18
"Bronze Medal",2024-07-28,"Kimberley WOODS","Canoe Slalom","Women's Kayak Single","Great Britain",1896045,"Female",0,0,1995-09-08
"Gold Medal",2024-07-28,"Pauline FERRAND PREVOT","Cycling Mountain Bike","Women's Cross-country","France",1895672,"Female",0,0,1992-02-10
"Silver Medal",2024-07-28,"Haley BATTEN","Cycling Mountain Bike","Women's Cross-country","United States",1955070,"Female",0,0,1998-09-19
"Bronze Medal",2024-07-28,"Jenny RISSVEDS","Cycling Mountain Bike","Women's Cross-country","Sweden",1564023,"Female",0,0,1994-06-06
"Gold Medal",2024-07-28,"KANO Koki","Fencing","Men's Épée Individual","Japan",1896548,"Male",0,0,1997-12-19
"Silver Medal",2024-07-28,"Yannick BOREL","Fencing","Men's Épée Individual","France",1916194,"Male",0,0,1988-11-05
"Bronze Medal",2024-07-28,"Mohamed ELSAYED","Fencing","Men's Épée Individual","Egypt",1936462,"Male",0,0,2003-03-03
"Gold Medal",2024-07-28,"Lee KIEFER","Fencing","Women's Foil Individual","United States",1950611,"Female",0,0,1994-06-15
"Silver Medal",2024-07-28,"Lauren SCRUGGS","Fencing","Women's Foil Individual","United States",1950643,"Female",0,0,2003-01-27
"Bronze Medal",2024-07-28,"Eleanor HARVEY","Fencing","Women's Foil Individual","Canada",1973213,"Female",0,0,1995-01-14
"Gold Medal",2024-07-28,"ABE Hifumi","Judo","Men -66 kg","Japan",1896763,"Male",0,0,1997-08-09
"Silver Medal",2024-07-28,"Willian LIMA","Judo","Men -66 kg","Brazil",1953840,"Male",0,0,2000-01-31
"Bronze Medal",2024-07-28,"Gusman KYRGYZBAYEV","Judo","Men -66 kg","Kazakhstan",1935410,"Male",0,0,1992-09-28
"Bronze Medal",2024-07-28,"Denis VIERU","Judo","Men -66 kg","Republic of Moldova",1561138,"Male",0,0,1996-03-10
"Gold Medal",2024-07-28,"Diyora KELDIYOROVA","Judo","Women -52 kg","Uzbekistan",1566997,"Female",0,0,1998-07-13
"Silver Medal",2024-07-28,"Distria KRASNIQI","Judo","Women -52 kg","Kosovo",1550162,"Female",0,0,1995-12-10
"Bronze Medal",2024-07-28,"Larissa PIMENTA","Judo","Women -52 kg","Brazil",1953817,"Female",0,0,1999-03-01
"Bronze Medal",2024-07-28,"Amandine BUCHARD","Judo","Women -52 kg","France",1891283,"Female",0,0,1995-07-12
"Gold Medal",2024-07-28,"XIE Yu","Shooting","10m Air Pistol Men","China",1913907,"Male",0,0,2000-06-12
"Silver Medal",2024-07-28,"Federico Nilo MALDINI","Shooting","10m Air Pistol Men","Italy",1551388,"Male",0,0,2001-03-28
"Bronze Medal",2024-07-28,"Paolo MONNA","Shooting","10m Air Pistol Men","Italy",1551387,"Male",0,0,1998-04-19
"Gold Medal",2024-07-28,"OH Ye Jin","Shooting","10m Air Pistol Women","Korea",1893972,"Female",0,0,2005-05-10
"Silver Medal",2024-07-28,"KIM Yeji","Shooting","10m Air Pistol Women","Korea",1893930,"Female",0,0,1992-09-04
"Bronze Medal",2024-07-28,"Manu BHAKER","Shooting","10m Air Pistol Women","India",1538159,"Female",0,0,2002-02-18
"Gold Medal",2024-07-28,"YOSHIZAWA Coco","Skateboarding","Women's Street","Japan",1902055,"Female",0,0,2009-09-22
"Silver Medal",2024-07-28,"AKAMA Liz","Skateboarding","Women's Street","Japan",1902069,"Female",0,0,2009-01-08
"Bronze Medal",2024-07-28,"Rayssa LEAL","Skateboarding","Women's Street","Brazil",1955689,"Female",0,0,2008-01-04
"Gold Medal",2024-07-28,"Nicolo MARTINENGHI","Swimming","Men's 100m Breaststroke","Italy",1925633,"Male",0,0,1999-08-01
"Silver Medal",2024-07-28,"Adam PEATY","Swimming","Men's 100m Breaststroke","Great Britain",1956469,"Male",0,0,1994-12-28
"Silver Medal",2024-07-28,"Nic FINK","Swimming","Men's 100m Breaststroke","United States",1935901,"Male",0,0,1993-07-03
"Gold Medal",2024-07-28,"Leon MARCHAND","Swimming","Men's 400m Individual Medley","France",1909294,"Male",0,0,2002-05-17
"Silver Medal",2024-07-28,"MATSUSHITA Tomoyuki","Swimming","Men's 400m Individual Medley","Japan",1963635,"Male",0,0,2005-08-01
"Bronze Medal",2024-07-28,"Carson FOSTER","Swimming","Men's 400m Individual Medley","United States",1935903,"Male",0,0,2001-10-26
"Gold Medal",2024-07-28,"Torri HUSKE","Swimming","Women's 100m Butterfly","United States",1935923,"Female",0,0,2002-12-07
"Silver Medal",2024-07-28,"Gretchen WALSH","Swimming","Women's 100m Butterfly","United States",1935998,"Female",0,0,2003-01-29
"Bronze Medal",2024-07-28,"ZHANG Yufei","Swimming","Women's 100m Butterfly","China",1945125,"Female",0,0,1998-04-19
"Gold Medal",2024-07-29,"Nicolas GESTIN","Canoe Slalom","Men's Canoe Single","France",1880479,"Male",0,0,2000-03-14
"Silver Medal",2024-07-29,"Adam BURGESS","Canoe Slalom","Men's Canoe Single","Great Britain",1896030,"Male",0,0,1992-07-17
"Bronze Medal",2024-07-29,"Matej BENUS","Canoe Slalom","Men's Canoe Single","Slovakia",1961080,"Male",0,0,1987-11-02
"Silver Medal",2024-07-29,"Victor KORETZKY","Cycling Mountain Bike","Men's Cross-country","France",1895687,"Male",0,0,1994-08-26
"Bronze Medal",2024-07-29,"Alan HATHERLY","Cycling Mountain Bike","Men's Cross-country","South Africa",1943604,"Male",0,0,1996-03-15
"Gold Medal",2024-07-29,"Michael JUNG","Equestrian","Eventing Individual","Germany",1914921,"Male",0,0,1982-07-31
"Silver Medal",2024-07-29,"Christopher BURTON","Equestrian","Eventing Individual","Australia",1940438,"Male",0,0,1981-11-22
"Bronze Medal",2024-07-29,"Laura COLLETT","Equestrian","Eventing Individual","Great Britain",1970898,"Female",0,0,1989-08-31
"Gold Medal",2024-07-29,"CHEUNG Ka Long","Fencing","Men's Foil Individual","Hong Kong, China",1963245,"Male",0,0,1997-06-10
"Silver Medal",2024-07-29,"Filippo MACCHI","Fencing","Men's Foil Individual","Italy",1924289,"Male",0,0,2001-09-19
"Bronze Medal",2024-07-29,"Nick ITKIN","Fencing","Men's Foil Individual","United States",1950602,"Male",0,0,1999-10-09
"Gold Medal",2024-07-29,"Manon APITHY-BRUNET","Fencing","Women's Sabre Individual","France",1916223,"Female",0,0,1996-02-07
"Silver Medal",2024-07-29,"Sara BALZER","Fencing","Women's Sabre Individual","France",1916222,"Female",0,0,1995-04-03
"Bronze Medal",2024-07-29,"Olga KHARLAN","Fencing","Women's Sabre Individual","Ukraine",1897644,"Female",0,0,1990-09-04
"Gold Medal",2024-07-29,"Hidayat HEYDAROV","Judo","Men -73 kg","Azerbaijan",1972337,"Male",0,0,1997-07-27
"Silver Medal",2024-07-29,"Joan-Benjamin GABA","Judo","Men -73 kg","France",1891311,"Male",0,0,2001-01-07
"Bronze Medal",2024-07-29,"Adil OSMANOV","Judo","Men -73 kg","Republic of Moldova",1563437,"Male",0,0,2000-07-02
"Bronze Medal",2024-07-29,"HASHIMOTO Soichi","Judo","Men -73 kg","Japan",1896740,"Male",0,0,1991-08-24
"Gold Medal",2024-07-29,"Christa DEGUCHI","Judo","Women -57 kg","Canada",1955526,"Female",0,0,1995-10-29
"Silver Medal",2024-07-29,"HUH Mimi","Judo","Women -57 kg","Korea",1928067,"Female",0,0,2002-12-19
"Bronze Medal",2024-07-29,"FUNAKUBO Haruka","Judo","Women -57 kg","Japan",1896733,"Female",0,0,1998-10-10
"Bronze Medal",2024-07-29,"Sarah Leonie CYSIQUE","Judo","Women -57 kg","France",1891286,"Female",0,0,1998-07-06
"Gold Medal",2024-07-29,"SHENG Lihao","Shooting","10m Air Rifle Men","China",1913899,"Male",0,0,2004-12-04
"Silver Medal",2024-07-29,"Victor LINDGREN","Shooting","10m Air Rifle Men","Sweden",1572919,"Male",0,0,2003-05-16
"Bronze Medal",2024-07-29,"Miran MARICIC","Shooting","10m Air Rifle Men","Croatia",1888047,"Male",0,0,1997-06-17
"Gold Medal",2024-07-29,"BAN Hyojin","Shooting","10m Air Rifle Women","Korea",1893845,"Female",0,0,2007-09-20
"Silver Medal",2024-07-29,"HUANG Yuting","Shooting","10m Air Rifle Women","China",1913945,"Female",0,0,2006-09-03
"Bronze Medal",2024-07-29,"Audrey GOGNIAT","Shooting","10m Air Rifle Women","Switzerland",1976545,"Female",0,0,2002-10-30
"Gold Medal",2024-07-29,"HORIGOME Yuto","Skateboarding","Men's Street","Japan",1902081,"Male",0,0,1999-01-07
"Silver Medal",2024-07-29,"Jagger EATON","Skateboarding","Men's Street","United States",1944226,"Male",0,0,2001-02-21
"Bronze Medal",2024-07-29,"Nyjah HUSTON","Skateboarding","Men's Street","United States",1944232,"Male",0,0,1994-11-30
"Gold Medal",2024-07-29,"Thomas CECCON","Swimming","Men's 100m Backstroke","Italy",1925635,"Male",0,0,2001-01-27
"Silver Medal",2024-07-29,"XU Jiayu","Swimming","Men's 100m Backstroke","China",1945132,"Male",0,0,1995-08-19
"Bronze Medal",2024-07-29,"Ryan MURPHY","Swimming","Men's 100m Backstroke","United States",1935957,"Male",0,0,1995-07-02
"Gold Medal",2024-07-29,"David POPOVICI","Swimming","Men's 200m Freestyle","Romania",1543549,"Male",0,0,2004-09-15
"Silver Medal",2024-07-29,"Matthew RICHARDS","Swimming","Men's 200m Freestyle","Great Britain",1903617,"Male",0,0,2002-12-17
"Bronze Medal",2024-07-29,"Luke HOBSON","Swimming","Men's 200m Freestyle","United States",1935918,"Male",0,0,2003-06-25
"Gold Medal",2024-07-29,"Tatjana SMITH","Swimming","Women's 100m Breaststroke","South Africa",1962589,"Female",0,0,1997-07-09
"Silver Medal",2024-07-29,"TANG Qianting","Swimming","Women's 100m Breaststroke","China",1945200,"Female",0,0,2004-03-14
"Bronze Medal",2024-07-29,"Mona Mc SHARRY","Swimming","Women's 100m Breaststroke","Ireland",1543304,"Female",0,0,2000-08-21
"Gold Medal",2024-07-29,"Mollie O'CALLAGHAN","Swimming","Women's 200m Freestyle","Australia",1946218,"Female",0,0,2004-04-02
"Silver Medal",2024-07-29,"Ariarne TITMUS","Swimming","Women's 200m Freestyle","Australia",1946150,"Female",0,0,2000-09-07
"Bronze Medal",2024-07-29,"HAUGHEY Siobhan Bernadette","Swimming","Women's 200m Freestyle","Hong Kong, China",1925125,"Female",0,0,1997-10-31
"Gold Medal",2024-07-29,"Summer McINTOSH","Swimming","Women's 400m Individual Medley","Canada",1967140,"Female",0,0,2006-08-18
"Bronze Medal",2024-07-29,"Emma WEYANT","Swimming","Women's 400m Individual Medley","United States",1936001,"Female",0,0,2001-12-24
"Gold Medal",2024-07-30,"NAGASE Takanori","Judo","Men -81 kg","Japan",1896765,"Male",0,0,1993-10-14
"Silver Medal",2024-07-30,"Tato GRIGALASHVILI","Judo","Men -81 kg","Georgia",1546651,"Male",0,0,1999-12-01
"Bronze Medal",2024-07-30,"LEE Joonhwan","Judo","Men -81 kg","Korea",1928079,"Male",0,0,2002-06-19
"Bronze Medal",2024-07-30,"Somon MAKHMADBEKOV","Judo","Men -81 kg","Tajikistan",1570561,"Male",0,0,1999-03-24
"Gold Medal",2024-07-30,"Andreja LESKI","Judo","Women -63 kg","Slovenia",1980833,"Female",0,0,1997-01-08
"Silver Medal",2024-07-30,"Prisca AWITI ALCARAZ","Judo","Women -63 kg","Mexico",1537287,"Female",0,0,1996-02-20
"Bronze Medal",2024-07-30,"Clarisse AGBEGNENOU","Judo","Women -63 kg","France",1891289,"Female",0,0,1992-10-25
"Bronze Medal",2024-07-30,"Laura FAZLIU","Judo","Women -63 kg","Kosovo",1550167,"Female",0,0,2000-09-28
"Gold Medal",2024-07-30,"Nathan HALES","Shooting","Trap Men","Great Britain",1904430,"Male",0,0,1996-06-16
"Silver Medal",2024-07-30,"QI Ying","Shooting","Trap Men","China",1913928,"Male",0,0,1997-01-23
"Bronze Medal",2024-07-30,"Jean Pierre BROL CARDENAS","Shooting","Trap Men","Guatemala",1958970,"Male",0,0,1982-12-18
"Silver Medal",2024-07-30,"Bobby FINKE","Swimming","Men's 800m Freestyle","United States",1935902,"Male",0,0,1999-11-06
"Gold Medal",2024-07-30,"Kaylee McKEOWN","Swimming","Women's 100m Backstroke","Australia",1946198,"Female",0,0,2001-07-12
"Silver Medal",2024-07-30,"Regan SMITH","Swimming","Women's 100m Backstroke","United States",1935984,"Female",0,0,2002-02-09
"Bronze Medal",2024-07-30,"Katharine BERKOFF","Swimming","Women's 100m Backstroke","United States",1935873,"Female",0,0,2001-01-28
"Gold Medal",2024-07-31,"OKA Shinnosuke","Artistic Gymnastics","Men's All-Around","Japan",1919480,"Male",0,0,2003-10-31
"Silver Medal",2024-07-31,"ZHANG Boheng","Artistic Gymnastics","Men's All-Around","China",1918864,"Male",0,0,2000-03-04
"Bronze Medal",2024-07-31,"XIAO Ruoteng","Artistic Gymnastics","Men's All-Around","China",1918860,"Male",0,0,1996-01-30
"Gold Medal",2024-07-31,"Jessica FOX","Canoe Slalom","Women's Canoe Single","Australia",1940205,"Female",0,0,1994-06-11
"Silver Medal",2024-07-31,"Elena LILIK","Canoe Slalom","Women's Canoe Single","Germany",1913770,"Female",0,0,1998-09-14
"Bronze Medal",2024-07-31,"Evy LEIBFARTH","Canoe Slalom","Women's Canoe Single","United States",1955132,"Female",0,0,2004-01-26
"Gold Medal",2024-07-31,"Jose TORRES GIL","Cycling BMX Freestyle","Men's Park","Argentina",1916809,"Male",0,0,1995-03-28
"Silver Medal",2024-07-31,"Kieran Darren David REILLY","Cycling BMX Freestyle","Men's Park","Great Britain",1912548,"Male",0,0,2001-07-12
"Bronze Medal",2024-07-31,"Anthony JEANJEAN","Cycling BMX Freestyle","Men's Park","France",1895685,"Male",0,0,1998-05-13
"Gold Medal",2024-07-31,"DENG Yawen","Cycling BMX Freestyle","Women's Park","China",1920569,"Female",0,0,2005-10-17
"Silver Medal",2024-07-31,"Perris BENEGAS","Cycling BMX Freestyle","Women's Park","United States",1955071,"Female",0,0,1995-07-22
"Bronze Medal",2024-07-31,"Natalya DIEHM","Cycling BMX Freestyle","Women's Park","Australia",1940118,"Female",0,0,1997-09-23
"Gold Medal",2024-07-31,"Lasha BEKAURI","Judo","Men -90 kg","Georgia",1548817,"Male",0,0,2000-07-26
"Silver Medal",2024-07-31,"MURAO Sanshiro","Judo","Men -90 kg","Japan",1896750,"Male",0,0,2000-08-28
"Bronze Medal",2024-07-31,"Maxime-Gael NGAYAP HAMBOU","Judo","Men -90 kg","France",1891318,"Male",0,0,2001-06-22
"Bronze Medal",2024-07-31,"Theodoros TSELIDIS","Judo","Men -90 kg","Greece",1961318,"Male",0,0,1996-08-05
"Gold Medal",2024-07-31,"Barbara MATIC","Judo","Women -70 kg","Croatia",1898499,"Female",0,0,1994-12-03
"Silver Medal",2024-07-31,"Miriam BUTKEREIT","Judo","Women -70 kg","Germany",1563082,"Female",0,0,1994-05-08
"Bronze Medal",2024-07-31,"Michaela POLLERES","Judo","Women -70 kg","Austria",1566421,"Female",0,0,1997-07-15
"Bronze Medal",2024-07-31,"Gabriella WILLEMS","Judo","Women -70 kg","Belgium",1903248,"Female",0,0,1997-07-01
"Gold Medal",2024-07-31,"Adriana RUANO OLIVA","Shooting","Trap Women","Guatemala",1958899,"Female",0,0,1995-06-26
"Silver Medal",2024-07-31,"Silvana Maria STANCO","Shooting","Trap Women","Italy",1915317,"Female",0,0,1993-01-06
"Bronze Medal",2024-07-31,"Penny SMITH","Shooting","Trap Women","Australia",1967454,"Female",0,0,1995-04-21
"Gold Medal",2024-07-31,"PAN Zhanle","Swimming","Men's 100m Freestyle","China",1945148,"Male",0,0,2004-08-04
"Silver Medal",2024-07-31,"Kyle CHALMERS","Swimming","Men's 100m Freestyle","Australia",1946200,"Male",0,0,1998-06-25
"Bronze Medal",2024-07-31,"David POPOVICI","Swimming","Men's 100m Freestyle","Romania",1543549,"Male",0,0,2004-09-15
"Gold Medal",2024-07-31,"Leon MARCHAND","Swimming","Men's 200m Breaststroke","France",1909294,"Male",0,0,2002-05-17
"Silver Medal",2024-07-31,"Zac STUBBLETY-COOK","Swimming","Men's 200m Breaststroke","Australia",1946185,"Male",0,0,1999-01-04
"Bronze Medal",2024-07-31,"Caspar CORBEAU","Swimming","Men's 200m Breaststroke","Netherlands",1972545,"Male",0,0,2001-04-03
"Gold Medal",2024-07-31,"Leon MARCHAND","Swimming","Men's 200m Butterfly","France",1909294,"Male",0,0,2002-05-17
"Silver Medal",2024-07-31,"Kristof MILAK","Swimming","Men's 200m Butterfly","Hungary",1905860,"Male",0,0,2000-02-20
"Bronze Medal",2024-07-31,"Ilya KHARUN","Swimming","Men's 200m Butterfly","Canada",1967058,"Male",0,0,2005-02-07
"Gold Medal",2024-07-31,"Sarah SJOESTROEM","Swimming","Women's 100m Freestyle","Sweden",1572557,"Female",0,0,1993-08-17
"Silver Medal",2024-07-31,"Torri HUSKE","Swimming","Women's 100m Freestyle","United States",1935923,"Female",0,0,2002-12-07
"Bronze Medal",2024-07-31,"HAUGHEY Siobhan Bernadette","Swimming","Women's 100m Freestyle","Hong Kong, China",1925125,"Female",0,0,1997-10-31
"Gold Medal",2024-07-31,"Katie LEDECKY","Swimming","Women's 1500m Freestyle","United States",1935938,"Female",0,0,1997-03-17
"Silver Medal",2024-07-31,"Anastasiia KIRPICHNIKOVA","Swimming","Women's 1500m Freestyle","France",1909209,"Female",0,0,2000-06-24
"Bronze Medal",2024-07-31,"Isabel GOSE","Swimming","Women's 1500m Freestyle","Germany",1907171,"Female",0,0,2002-05-09
"Gold Medal",2024-07-31,"Alex YEE","Triathlon","Men's Individual","Great Britain",1904251,"Male",0,0,1998-02-18
"Silver Medal",2024-07-31,"Hayden WILDE","Triathlon","Men's Individual","New Zealand",1926549,"Male",0,0,1997-09-01
"Bronze Medal",2024-07-31,"Leo BERGERE","Triathlon","Men's Individual","France",1543967,"Male",0,0,1996-06-28
"Gold Medal",2024-07-31,"Cassandre BEAUGRAND","Triathlon","Women's Individual","France",1543963,"Female",0,0,1997-05-23
"Silver Medal",2024-07-31,"Julie DERRON","Triathlon","Women's Individual","Switzerland",1976489,"Female",0,0,1996-09-10
"Bronze Medal",2024-07-31,"Beth POTTER","Triathlon","Women's Individual","Great Britain",1904244,"Female",0,0,1991-12-27
"Gold Medal",2024-08-01,"Simone BILES","Artistic Gymnastics","Women's All-Around","United States",1959861,"Female",0,0,1997-03-14
"Silver Medal",2024-08-01,"Rebeca ANDRADE","Artistic Gymnastics","Women's All-Around","Brazil",1953634,"Female",0,0,1999-05-08
"Bronze Medal",2024-08-01,"Sunisa LEE","Artistic Gymnastics","Women's All-Around","United States",1959866,"Female",0,0,2003-03-09
"Gold Medal",2024-08-01,"Brian Daniel PINTADO","Athletics","Men's 20km Race Walk","Ecuador",1929767,"Male",167,0,1995-07-29
"Silver Medal",2024-08-01,"Caio BONFIM","Athletics","Men's 20km Race Walk","Brazil",1951928,"Male",174,0,1991-03-19
"Bronze Medal",2024-08-01,"Alvaro MARTIN","Athletics","Men's 20km Race Walk","Spain",1904165,"Male",182,0,1994-06-18
"Gold Medal",2024-08-01,"YANG Jiayu","Athletics","Women's 20km Race Walk","China",1919002,"Female",163,0,1996-02-18
"Silver Medal",2024-08-01,"Maria PEREZ","Athletics","Women's 20km Race Walk","Spain",1905369,"Female",159,0,1996-04-29
"Bronze Medal",2024-08-01,"Jemima MONTAG","Athletics","Women's 20km Race Walk","Australia",1939791,"Female",158,0,1998-02-15
"Gold Medal",2024-08-01,"Giovanni de GENNARO","Canoe Slalom","Men's Kayak Single","Italy",1550975,"Male",0,0,1992-07-21
"Silver Medal",2024-08-01,"Titouan CASTRYCK","Canoe Slalom","Men's Kayak Single","France",1880464,"Male",0,0,2004-08-28
"Bronze Medal",2024-08-01,"Pau ECHANIZ","Canoe Slalom","Men's Kayak Single","Spain",1953935,"Male",0,0,2001-05-29
"Gold Medal",2024-08-01,"Zelym KOTSOIEV","Judo","Men -100 kg","Azerbaijan",1972367,"Male",0,0,1998-08-09
"Silver Medal",2024-08-01,"Ilia SULAMANIDZE","Judo","Men -100 kg","Georgia",1552370,"Male",0,0,2001-06-18
"Bronze Medal",2024-08-01,"Peter PALTCHIK","Judo","Men -100 kg","Israel",1892957,"Male",0,0,1992-01-04
"Bronze Medal",2024-08-01,"Muzaffarbek TUROBOYEV","Judo","Men -100 kg","Uzbekistan",1565754,"Male",0,0,2000-04-05
"Gold Medal",2024-08-01,"Alice BELLANDI","Judo","Women -78 kg","Italy",1925349,"Female",0,0,1998-11-20
"Silver Medal",2024-08-01,"Inbar LANIR","Judo","Women -78 kg","Israel",1892794,"Female",0,0,2000-04-03
"Bronze Medal",2024-08-01,"MA Zhenzhao","Judo","Women -78 kg","China",1891067,"Female",0,0,1998-04-24
"Bronze Medal",2024-08-01,"Patricia SAMPAIO","Judo","Women -78 kg","Portugal",1943504,"Female",0,0,1999-06-30
"Gold Medal",2024-08-01,"LIU Yukun","Shooting","50m Rifle 3 Positions Men","China",1913922,"Male",0,0,1997-04-12
"Silver Medal",2024-08-01,"Serhiy KULISH","Shooting","50m Rifle 3 Positions Men","Ukraine",1555976,"Male",0,0,1993-04-17
"Bronze Medal",2024-08-01,"Swapnil KUSALE","Shooting","50m Rifle 3 Positions Men","India",1538084,"Male",0,0,1995-08-06
"Gold Medal",2024-08-01,"Hubert KOS","Swimming","Men's 200m Backstroke","Hungary",1904977,"Male",0,0,2003-03-28
"Silver Medal",2024-08-01,"Apostolos CHRISTOU","Swimming","Men's 200m Backstroke","Greece",1954557,"Male",0,0,1996-11-01
"Bronze Medal",2024-08-01,"Roman MITYUKOV","Swimming","Men's 200m Backstroke","Switzerland",1977754,"Male",0,0,2000-07-30
"Gold Medal",2024-08-01,"Kate DOUGLASS","Swimming","Women's 200m Breaststroke","United States",1935895,"Female",0,0,2001-11-17
"Silver Medal",2024-08-01,"Tatjana SMITH","Swimming","Women's 200m Breaststroke","South Africa",1962589,"Female",0,0,1997-07-09
"Bronze Medal",2024-08-01,"Tes SCHOUTEN","Swimming","Women's 200m Breaststroke","Netherlands",1972525,"Female",0,0,2000-12-31
"Gold Medal",2024-08-01,"Summer McINTOSH","Swimming","Women's 200m Butterfly","Canada",1967140,"Female",0,0,2006-08-18
"Silver Medal",2024-08-01,"Regan SMITH","Swimming","Women's 200m Butterfly","United States",1935984,"Female",0,0,2002-02-09
"Bronze Medal",2024-08-01,"ZHANG Yufei","Swimming","Women's 200m Butterfly","China",1945125,"Female",0,0,1998-04-19
"Gold Medal",2024-08-02,"Joshua CHEPTEGEI","Athletics","Men's 10,000m","Uganda",1970827,"Male",183,0,1996-09-12
"Silver Medal",2024-08-02,"Berihu AREGAWI","Athletics","Men's 10,000m","Ethiopia",1536998,"Male",171,0,2001-02-28
"Bronze Medal",2024-08-02,"Grant FISHER","Athletics","Men's 10,000m","United States",1960959,"Male",177,0,1997-04-22
"Gold Medal",2024-08-02,"Joris DAUDET","Cycling BMX Racing","Men","France",1895661,"Male",0,0,1991-02-12
"Silver Medal",2024-08-02,"Sylvain ANDRE","Cycling BMX Racing","Men","France",1895640,"Male",0,0,1992-10-14
"Bronze Medal",2024-08-02,"Romain MAHIEU","Cycling BMX Racing","Men","France",1895700,"Male",0,0,1995-02-17
"Gold Medal",2024-08-02,"Saya SAKAKIBARA","Cycling BMX Racing","Women","Australia",1940127,"Female",0,0,1999-08-23
"Silver Medal",2024-08-02,"Manon VEENSTRA","Cycling BMX Racing","Women","Netherlands",1969181,"Female",0,0,1998-07-06
"Bronze Medal",2024-08-02,"Zoe CLAESSENS","Cycling BMX Racing","Women","Switzerland",1976480,"Female",0,0,2001-04-28
"Gold Medal",2024-08-02,"Teddy RINER","Judo","Men +100 kg","France",1891323,"Male",0,0,1989-04-07
"Silver Medal",2024-08-02,"KIM Minjong","Judo","Men +100 kg","Korea",1928072,"Male",0,0,2000-09-01
"Bronze Medal",2024-08-02,"Temur RAKHIMOV","Judo","Men +100 kg","Tajikistan",1567512,"Male",0,0,1997-07-08
"Bronze Medal",2024-08-02,"Alisher YUSUPOV","Judo","Men +100 kg","Uzbekistan",1566931,"Male",0,0,1998-11-27
"Gold Medal",2024-08-02,"Beatriz SOUZA","Judo","Women +78 kg","Brazil",1953777,"Female",0,0,1998-05-20
"Silver Medal",2024-08-02,"Raz HERSHKO","Judo","Women +78 kg","Israel",1892796,"Female",0,0,1998-06-19
"Bronze Medal",2024-08-02,"KIM Hayun","Judo","Women +78 kg","Korea",1928070,"Female",0,0,2000-01-07
"Bronze Medal",2024-08-02,"Romane DICKO","Judo","Women +78 kg","France",1891300,"Female",0,0,1999-09-30
"Gold Medal",2024-08-02,"Chiara LEONE","Shooting","50m Rifle 3 Positions Women","Switzerland",1977709,"Female",0,0,1998-06-15
"Silver Medal",2024-08-02,"Sagen MADDALENA","Shooting","50m Rifle 3 Positions Women","United States",1944373,"Female",0,0,1993-08-16
"Bronze Medal",2024-08-02,"ZHANG Qiongyue","Shooting","50m Rifle 3 Positions Women","China",1913972,"Female",0,0,2004-03-12
"Gold Medal",2024-08-02,"Leon MARCHAND","Swimming","Men's 200m Individual Medley","France",1909294,"Male",0,0,2002-05-17
"Silver Medal",2024-08-02,"Duncan SCOTT","Swimming","Men's 200m Individual Medley","Great Britain",1903621,"Male",0,0,1997-05-06
"Bronze Medal",2024-08-02,"WANG Shun","Swimming","Men's 200m Individual Medley","China",1945186,"Male",0,0,1994-02-11
"Gold Medal",2024-08-02,"Cameron McEVOY","Swimming","Men's 50m Freestyle","Australia",1946161,"Male",0,0,1994-05-13
"Silver Medal",2024-08-02,"Benjamin PROUD","Swimming","Men's 50m Freestyle","Great Britain",1903616,"Male",0,0,1994-09-21
"Bronze Medal",2024-08-02,"Florent MANAUDOU","Swimming","Men's 50m Freestyle","France",1909292,"Male",0,0,1990-11-12
"Gold Medal",2024-08-02,"Kaylee McKEOWN","Swimming","Women's 200m Backstroke","Australia",1946198,"Female",0,0,2001-07-12
"Silver Medal",2024-08-02,"Regan SMITH","Swimming","Women's 200m Backstroke","United States",1935984,"Female",0,0,2002-02-09
"Bronze Medal",2024-08-02,"Kylie MASSE","Swimming","Women's 200m Backstroke","Canada",1967104,"Female",0,0,1996-01-18
"Bronze Medal",2024-08-02,"Iga SWIATEK","Tennis","Women's Singles","Poland",1931815,"Female",176,0,2001-05-31
"Silver Medal",2024-08-02,"WANG Zisai","Trampoline Gymnastics","Men","China",1918790,"Male",0,0,2006-06-18
"Bronze Medal",2024-08-02,"YAN Langyu","Trampoline Gymnastics","Men","China",1918789,"Male",0,0,1999-08-31
"Gold Medal",2024-08-02,"Bryony PAGE","Trampoline Gymnastics","Women","Great Britain",1904745,"Female",0,0,1990-12-10
"Bronze Medal",2024-08-02,"Sophiane METHOT","Trampoline Gymnastics","Women","Canada",1973102,"Female",0,0,1998-08-03
"Gold Medal",2024-08-03,"LIM Sihyeon","Archery","Women's Individual","Korea",1902147,"Female",0,0,2003-06-13
"Silver Medal",2024-08-03,"NAM Suhyeon","Archery","Women's Individual","Korea",1902148,"Female",0,0,2005-01-27
"Bronze Medal",2024-08-03,"Lisa BARBELIN","Archery","Women's Individual","France",1541265,"Female",0,0,2000-04-10
"Gold Medal",2024-08-03,"Carlos Edriel YULO","Artistic Gymnastics","Men's Floor Exercise","Philippines",1975874,"Male",0,0,2000-02-16
"Silver Medal",2024-08-03,"Artem DOLGOPYAT","Artistic Gymnastics","Men's Floor Exercise","Israel",1908195,"Male",0,0,1997-06-16
"Bronze Medal",2024-08-03,"Jake JARMAN","Artistic Gymnastics","Men's Floor Exercise","Great Britain",1904741,"Male",0,0,2001-12-03
"Gold Medal",2024-08-03,"Rhys MC CLENAGHAN","Artistic Gymnastics","Men's Pommel Horse","Ireland",1539986,"Male",0,0,1999-07-21
"Silver Medal",2024-08-03,"Nariman KURBANOV","Artistic Gymnastics","Men's Pommel Horse","Kazakhstan",1931577,"Male",0,0,1997-12-06
"Bronze Medal",2024-08-03,"Stephen NEDOROSCIK","Artistic Gymnastics","Men's Pommel Horse","United States",1959865,"Male",0,0,1998-10-28
"Gold Medal",2024-08-03,"Simone BILES","Artistic Gymnastics","Women's Vault","United States",1959861,"Female",0,0,1997-03-14
"Silver Medal",2024-08-03,"Rebeca ANDRADE","Artistic Gymnastics","Women's Vault","Brazil",1953634,"Female",0,0,1999-05-08
"Bronze Medal",2024-08-03,"Jade CAREY","Artistic Gymnastics","Women's Vault","United States",1959819,"Female",0,0,2000-05-27
"Gold Medal",2024-08-03,"Markus ROOTH","Athletics","Men's Decathlon","Norway",1878353,"Male",182,0,2001-12-22
"Silver Medal",2024-08-03,"Leo NEUGEBAUER","Athletics","Men's Decathlon","Germany",1920180,"Male",201,0,2000-06-19
"Bronze Medal",2024-08-03,"Lindon VICTOR","Athletics","Men's Decathlon","Grenada",1573388,"Male",185,0,1993-02-28
"Gold Medal",2024-08-03,"Ryan CROUSER","Athletics","Men's Shot Put","United States",1960688,"Male",200,0,1992-12-18
"Silver Medal",2024-08-03,"Joe KOVACS","Athletics","Men's Shot Put","United States",1965246,"Male",182,0,1989-06-28
"Bronze Medal",2024-08-03,"Rajindra CAMPBELL","Athletics","Men's Shot Put","Jamaica",1564189,"Male",178,0,1996-02-29
"Gold Medal",2024-08-03,"Julien ALFRED","Athletics","Women's 100m","Saint Lucia",1537325,"Female",170,0,2001-06-10
"Silver Medal",2024-08-03,"Sha'carri RICHARDSON","Athletics","Women's 100m","United States",1960181,"Female",157,0,2000-03-25
"Bronze Medal",2024-08-03,"Melissa JEFFERSON","Athletics","Women's 100m","United States",1961011,"Female",162,0,2001-02-21
"Gold Medal",2024-08-03,"Thea LAFOND","Athletics","Women's Triple Jump","Dominica",1908333,"Female",147,0,1994-04-05
"Silver Medal",2024-08-03,"Shanieka RICKETTS","Athletics","Women's Triple Jump","Jamaica",1536885,"Female",188,0,1992-02-02
"Bronze Medal",2024-08-03,"Jasmine MOORE","Athletics","Women's Triple Jump","United States",1965250,"Female",172,0,2001-05-01
"Bronze Medal",2024-08-03,"WU Shih Yi","Boxing","Women's 60kg","Chinese Taipei",1887970,"Female",174,0,1998-04-27
"Bronze Medal",2024-08-03,"Beatriz Iasmin SOARES FERREIRA","Boxing","Women's 60kg","Brazil",1952540,"Female",163,0,1992-12-09
"Gold Medal",2024-08-03,"Remco EVENEPOEL","Cycling Road","Men's Road Race","Belgium",1903136,"Male",0,0,2000-01-25
"Silver Medal",2024-08-03,"Valentin MADOUAS","Cycling Road","Men's Road Race","France",1895699,"Male",0,0,1996-07-12
"Bronze Medal",2024-08-03,"Christophe LAPORTE","Cycling Road","Men's Road Race","France",1895694,"Male",0,0,1992-12-11
"Gold Medal",2024-08-03,"Oliver ZEIDLER","Rowing","Men's Single Sculls","Germany",1906515,"Male",0,0,1996-07-24
"Bronze Medal",2024-08-03,"Simon van DORP","Rowing","Men's Single Sculls","Netherlands",1965599,"Male",0,0,1997-04-10
"Gold Medal",2024-08-03,"Karolien FLORIJN","Rowing","Women's Single Sculls","Netherlands",1965558,"Female",0,0,1998-04-06
"Silver Medal",2024-08-03,"Emma TWIGG","Rowing","Women's Single Sculls","New Zealand",1927027,"Female",0,0,1987-03-01
"Bronze Medal",2024-08-03,"Viktorija SENKUTE","Rowing","Women's Single Sculls","Lithuania",1941956,"Female",0,0,1996-04-12
"Gold Medal",2024-08-03,"Tom REUVENY","Sailing","Men's Windsurfing","Israel",1927680,"Male",0,0,2000-06-12
"Silver Medal",2024-08-03,"Grae MORRIS","Sailing","Men's Windsurfing","Australia",1945982,"Male",0,0,2003-10-16
"Bronze Medal",2024-08-03,"Luuc van OPZEELAND","Sailing","Men's Windsurfing","Netherlands",1970505,"Male",0,0,1999-05-21
"Gold Medal",2024-08-03,"Marta MAGGETTI","Sailing","Women's Windsurfing","Italy",1899653,"Female",0,0,1996-01-10
"Silver Medal",2024-08-03,"Sharon KANTOR","Sailing","Women's Windsurfing","Israel",1927733,"Female",0,0,2003-01-28
"Bronze Medal",2024-08-03,"Emma WILSON","Sailing","Women's Windsurfing","Great Britain",1899748,"Female",0,0,1999-04-07
"Gold Medal",2024-08-03,"YANG Jiin","Shooting","25m Pistol Women","Korea",1893995,"Female",0,0,2003-05-20
"Silver Medal",2024-08-03,"Camille JEDRZEJEWSKI","Shooting","25m Pistol Women","France",1888429,"Female",0,0,2002-04-25
"Bronze Medal",2024-08-03,"Veronika MAJOR","Shooting","25m Pistol Women","Hungary",1899493,"Female",0,0,1997-03-19
"Gold Medal",2024-08-03,"Vincent HANCOCK","Shooting","Skeet Men","United States",1944354,"Male",0,0,1989-03-19
"Silver Medal",2024-08-03,"Conner Lynn PRINCE","Shooting","Skeet Men","United States",1944385,"Male",0,0,2000-03-28
"Bronze Medal",2024-08-03,"LEE Meng Yuan","Shooting","Skeet Men","Chinese Taipei",1569852,"Male",0,0,1994-08-25
"Gold Medal",2024-08-03,"Kristof MILAK","Swimming","Men's 100m Butterfly","Hungary",1905860,"Male",0,0,2000-02-20
"Silver Medal",2024-08-03,"Josh LIENDO","Swimming","Men's 100m Butterfly","Canada",1967069,"Male",0,0,2002-08-20
"Bronze Medal",2024-08-03,"Ilya KHARUN","Swimming","Men's 100m Butterfly","Canada",1967058,"Male",0,0,2005-02-07
"Gold Medal",2024-08-03,"Summer McINTOSH","Swimming","Women's 200m Individual Medley","Canada",1967140,"Female",0,0,2006-08-18
"Silver Medal",2024-08-03,"Kate DOUGLASS","Swimming","Women's 200m Individual Medley","United States",1935895,"Female",0,0,2001-11-17
"Bronze Medal",2024-08-03,"Kaylee McKEOWN","Swimming","Women's 200m Individual Medley","Australia",1946198,"Female",0,0,2001-07-12
"Gold Medal",2024-08-03,"Katie LEDECKY","Swimming","Women's 800m Freestyle","United States",1935938,"Female",0,0,1997-03-17
"Silver Medal",2024-08-03,"Ariarne TITMUS","Swimming","Women's 800m Freestyle","Australia",1946150,"Female",0,0,2000-09-07
"Bronze Medal",2024-08-03,"Paige MADDEN","Swimming","Women's 800m Freestyle","United States",1935943,"Female",0,0,1998-10-22
"Gold Medal",2024-08-03,"CHEN Meng","Table Tennis","Women's Singles","China",1902307,"Female",0,0,1994-01-15
"Silver Medal",2024-08-03,"SUN Yingsha","Table Tennis","Women's Singles","China",1902313,"Female",0,0,2000-11-04
"Bronze Medal",2024-08-03,"Hina HAYATA","Table Tennis","Women's Singles","Japan",1931100,"Female",0,0,2000-07-07
"Bronze Medal",2024-08-03,"Lorenzo MUSETTI","Tennis","Men's Singles","Italy",1562400,"Male",185,0,2002-03-03
"Gold Medal",2024-08-03,"ZHENG Qinwen","Tennis","Women's Singles","China",1927709,"Female",178,0,2002-10-08
"Silver Medal",2024-08-03,"Donna VEKIC","Tennis","Women's Singles","Croatia",1554972,"Female",179,0,1996-06-28
"Gold Medal",2024-08-04,"KIM Woojin","Archery","Men's Individual","Korea",1902135,"Male",0,0,1992-06-20
"Silver Medal",2024-08-04,"Brady ELLISON","Archery","Men's Individual","United States",1955595,"Male",0,0,1988-10-27
"Bronze Medal",2024-08-04,"LEE Wooseok","Archery","Men's Individual","Korea",1902144,"Male",0,0,1997-08-07
"Gold Medal",2024-08-04,"LIU Yang","Artistic Gymnastics","Men's Rings","China",1918856,"Male",0,0,1994-08-11
"Silver Medal",2024-08-04,"ZOU Jingyuan","Artistic Gymnastics","Men's Rings","China",1918865,"Male",0,0,1998-01-03
"Bronze Medal",2024-08-04,"Eleftherios PETROUNIAS","Artistic Gymnastics","Men's Rings","Greece",1961314,"Male",0,0,1990-11-30
"Gold Medal",2024-08-04,"Carlos Edriel YULO","Artistic Gymnastics","Men's Vault","Philippines",1975874,"Male",0,0,2000-02-16
"Silver Medal",2024-08-04,"Artur DAVTYAN","Artistic Gymnastics","Men's Vault","Armenia",1915828,"Male",0,0,1992-08-08
"Bronze Medal",2024-08-04,"Harry HEPWORTH","Artistic Gymnastics","Men's Vault","Great Britain",1904740,"Male",0,0,2003-12-06
"Gold Medal",2024-08-04,"Kaylia NEMOUR","Artistic Gymnastics","Women's Uneven Bars","Algeria",1545688,"Female",0,0,2006-12-30
"Silver Medal",2024-08-04,"QIU Qiyuan","Artistic Gymnastics","Women's Uneven Bars","China",1918872,"Female",0,0,2007-05-24
"Bronze Medal",2024-08-04,"Sunisa LEE","Artistic Gymnastics","Women's Uneven Bars","United States",1959866,"Female",0,0,2003-03-09
"Gold Medal",2024-08-04,"Noah LYLES","Athletics","Men's 100m","United States",1960173,"Male",177,0,1997-07-18
"Silver Medal",2024-08-04,"Kishane THOMPSON","Athletics","Men's 100m","Jamaica",1980161,"Male",185,0,2001-07-17
"Bronze Medal",2024-08-04,"Fred KERLEY","Athletics","Men's 100m","United States",1960958,"Male",190,0,1995-05-07
"Gold Medal",2024-08-04,"Ethan KATZBERG","Athletics","Men's Hammer Throw","Canada",1974151,"Male",201,0,2002-04-05
"Silver Medal",2024-08-04,"Bence HALASZ","Athletics","Men's Hammer Throw","Hungary",1916814,"Male",188,0,1997-08-04
"Bronze Medal",2024-08-04,"Mykhaylo KOKHAN","Athletics","Men's Hammer Throw","Ukraine",1571563,"Male",182,0,2001-01-22
"Gold Medal",2024-08-04,"Yaroslava MAHUCHIKH","Athletics","Women's High Jump","Ukraine",1571559,"Female",180,0,2001-09-19
"Silver Medal",2024-08-04,"Nicola OLYSLAGERS","Athletics","Women's High Jump","Australia",1939838,"Female",186,0,1996-12-28
"Bronze Medal",2024-08-04,"Iryna GERASHCHENKO","Athletics","Women's High Jump","Ukraine",1571577,"Female",181,0,1995-03-10
"Bronze Medal",2024-08-04,"Eleanor PATTERSON","Athletics","Women's High Jump","Australia",1939763,"Female",182,0,1996-05-22
"Bronze Medal",2024-08-04,"Gregoria Mariska TUNJUNG","Badminton","Women's Singles","Indonesia",1926315,"Female",166,0,1999-08-11
"Bronze Medal",2024-08-04,"Yunior ALCANTARA REYES","Boxing","Men's 51kg","Dominican Republic",1908817,"Male",155,0,2004-02-10
"Bronze Medal",2024-08-04,"David de PINA","Boxing","Men's 51kg","Cabo Verde",1892464,"Male",163,0,1996-08-07
"Bronze Medal",2024-08-04,"Wyatt SANFORD","Boxing","Men's 63.5kg","Canada",1972293,"Male",173,0,1998-11-03
"Bronze Medal",2024-08-04,"Lasha GURULI","Boxing","Men's 63.5kg","Georgia",1550184,"Male",178,0,1996-08-27
"Bronze Medal",2024-08-04,"Cristian Javier PINALES","Boxing","Men's 80kg","Dominican Republic",1943368,"Male",177,0,2000-11-02
"Bronze Medal",2024-08-04,"Arlen LOPEZ CARDONA","Boxing","Men's 80kg","Cuba",1555548,"Male",170,0,1993-02-21
"Bronze Medal",2024-08-04,"Enmanuel REYES PLA","Boxing","Men's 92kg","Spain",1934790,"Male",191,0,1992-12-14
"Bronze Medal",2024-08-04,"Davlat BOLTAEV","Boxing","Men's 92kg","Tajikistan",1909011,"Male",186,0,1999-01-13
"Bronze Medal",2024-08-04,"PANG Cholmi","Boxing","Women's 54kg","DPR Korea",1980125,"Female",167,0,1994-08-26
"Bronze Medal",2024-08-04,"IM Aeji","Boxing","Women's 54kg","Korea",1891890,"Female",165,0,1999-05-11
"Silver Medal",2024-08-04,"Marianne VOS","Cycling Road","Women's Road Race","Netherlands",1969165,"Female",0,0,1987-05-13
"Gold Medal",2024-08-04,"Jessica von BREDOW-WERNDL","Equestrian","Dressage Individual","Germany",1914905,"Female",0,0,1986-02-16
"Silver Medal",2024-08-04,"Isabell WERTH","Equestrian","Dressage Individual","Germany",1914909,"Female",0,0,1969-07-21
"Bronze Medal",2024-08-04,"Charlotte FRY","Equestrian","Dressage Individual","Great Britain",1970905,"Female",0,0,1996-02-11
"Gold Medal",2024-08-04,"Scottie SCHEFFLER","Golf","Men's Individual Stroke Play","United States",1951724,"Male",193,0,1996-06-21
"Silver Medal",2024-08-04,"Tommy FLEETWOOD","Golf","Men's Individual Stroke Play","Great Britain",1923629,"Male",180,0,1991-01-19
"Bronze Medal",2024-08-04,"MATSUYAMA Hideki","Golf","Men's Individual Stroke Play","Japan",1961406,"Male",180,0,1992-02-25
"Gold Medal",2024-08-04,"Francisca CROVETTO CHADID","Shooting","Skeet Women","Chile",1937878,"Female",0,0,1990-04-27
"Silver Medal",2024-08-04,"Amber Jo RUTTER","Shooting","Skeet Women","Great Britain",1977402,"Female",0,0,1997-08-21
"Bronze Medal",2024-08-04,"Austen Jewell SMITH","Shooting","Skeet Women","United States",1944397,"Female",0,0,2001-07-23
"Gold Medal",2024-08-04,"Bobby FINKE","Swimming","Men's 1500m Freestyle","United States",1935902,"Male",0,0,1999-11-06
"Gold Medal",2024-08-04,"Sarah SJOESTROEM","Swimming","Women's 50m Freestyle","Sweden",1572557,"Female",0,0,1993-08-17
"Silver Medal",2024-08-04,"Meg HARRIS","Swimming","Women's 50m Freestyle","Australia",1946212,"Female",0,0,2002-03-07
"Bronze Medal",2024-08-04,"ZHANG Yufei","Swimming","Women's 50m Freestyle","China",1945125,"Female",0,0,1998-04-19
"Gold Medal",2024-08-04,"FAN Zhendong","Table Tennis","Men's Singles","China",1902295,"Male",0,0,1997-01-22
"Silver Medal",2024-08-04,"Truls MOREGARD","Table Tennis","Men's Singles","Sweden",1563390,"Male",0,0,2002-02-16
"Bronze Medal",2024-08-04,"Felix LEBRUN","Table Tennis","Men's Singles","France",1889177,"Male",0,0,2006-09-12
"Gold Medal",2024-08-04,"Novak DJOKOVIC","Tennis","Men's Singles","Serbia",1956398,"Male",186,0,1987-05-22
"Silver Medal",2024-08-04,"Carlos ALCARAZ","Tennis","Men's Singles","Spain",1563682,"Male",183,0,2003-05-05
"Gold Medal",2024-08-05,"OKA Shinnosuke","Artistic Gymnastics","Men's Horizontal Bar","Japan",1919480,"Male",0,0,2003-10-31
"Silver Medal",2024-08-05,"Angel BARAJAS","Artistic Gymnastics","Men's Horizontal Bar","Colombia",1935685,"Male",0,0,2006-08-12
"Bronze Medal",2024-08-05,"ZHANG Boheng","Artistic Gymnastics","Men's Horizontal Bar","China",1918864,"Male",0,0,2000-03-04
"Bronze Medal",2024-08-05,"TANG Chia-Hung","Artistic Gymnastics","Men's Horizontal Bar","Chinese Taipei",1878037,"Male",0,0,1996-09-23
"Gold Medal",2024-08-05,"ZOU Jingyuan","Artistic Gymnastics","Men's Parallel Bars","China",1918865,"Male",0,0,1998-01-03
"Silver Medal",2024-08-05,"Illia KOVTUN","Artistic Gymnastics","Men's Parallel Bars","Ukraine",1897555,"Male",0,0,2003-08-10
"Bronze Medal",2024-08-05,"OKA Shinnosuke","Artistic Gymnastics","Men's Parallel Bars","Japan",1919480,"Male",0,0,2003-10-31
"Gold Medal",2024-08-05,"Alice D'AMATO","Artistic Gymnastics","Women's Balance Beam","Italy",1551061,"Female",0,0,2003-02-07
"Silver Medal",2024-08-05,"ZHOU Yaqin","Artistic Gymnastics","Women's Balance Beam","China",1918881,"Female",0,0,2005-11-12
"Bronze Medal",2024-08-05,"Manila ESPOSITO","Artistic Gymnastics","Women's Balance Beam","Italy",1560762,"Female",0,0,2006-11-02
"Gold Medal",2024-08-05,"Rebeca ANDRADE","Artistic Gymnastics","Women's Floor Exercise","Brazil",1953634,"Female",0,0,1999-05-08
"Silver Medal",2024-08-05,"Simone BILES","Artistic Gymnastics","Women's Floor Exercise","United States",1959861,"Female",0,0,1997-03-14
"Bronze Medal",2024-08-05,"Ana BARBOSU","Artistic Gymnastics","Women's Floor Exercise","Romania",1550170,"Female",0,0,2006-07-26
"Gold Medal",2024-08-05,"Armand DUPLANTIS","Athletics","Men's Pole Vault","Sweden",1569203,"Male",181,0,1999-11-10
"Silver Medal",2024-08-05,"Sam KENDRICKS","Athletics","Men's Pole Vault","United States",1960178,"Male",185,0,1992-09-07
"Bronze Medal",2024-08-05,"Emmanouil KARALIS","Athletics","Men's Pole Vault","Greece",1961218,"Male",184,0,1999-10-20
"Gold Medal",2024-08-05,"Beatrice CHEBET","Athletics","Women's 5000m","Kenya",1910560,"Female",152,0,2000-03-05
"Silver Medal",2024-08-05,"Faith KIPYEGON","Athletics","Women's 5000m","Kenya",1910451,"Female",152,0,1994-01-10
"Bronze Medal",2024-08-05,"Sifan HASSAN","Athletics","Women's 5000m","Netherlands",1972105,"Female",170,0,1993-01-01
"Gold Medal",2024-08-05,"Keely HODGKINSON","Athletics","Women's 800m","Great Britain",1924429,"Female",170,0,2002-03-03
"Silver Medal",2024-08-05,"Tsige DUGUMA","Athletics","Women's 800m","Ethiopia",1536498,"Female",164,0,2001-02-23
"Bronze Medal",2024-08-05,"Mary MORAA","Athletics","Women's 800m","Kenya",1928047,"Female",170,0,2000-06-15
"Gold Medal",2024-08-05,"Valarie ALLMAN","Athletics","Women's Discus Throw","United States",1960721,"Female",185,0,1995-02-23
"Silver Medal",2024-08-05,"FENG Bin","Athletics","Women's Discus Throw","China",1919067,"Female",182,0,1994-04-03
"Bronze Medal",2024-08-05,"Sandra ELKASEVIC","Athletics","Women's Discus Throw","Croatia",1922205,"Female",183,0,1990-06-21
"Gold Medal",2024-08-05,"Viktor AXELSEN","Badminton","Men's Singles","Denmark",1888993,"Male",194,0,1994-01-04
"Silver Medal",2024-08-05,"Kunlavut VITIDSARN","Badminton","Men's Singles","Thailand",1926294,"Male",177,0,2001-05-11
"Bronze Medal",2024-08-05,"Zii Jia LEE","Badminton","Men's Singles","Malaysia",1566617,"Male",186,0,1998-03-29
"Gold Medal",2024-08-05,"AN Se Young","Badminton","Women's Singles","Korea",1891498,"Female",170,0,2002-02-05
"Silver Medal",2024-08-05,"HE Bing Jiao","Badminton","Women's Singles","China",1913436,"Female",169,0,1997-03-21
"Gold Medal",2024-08-05,"Finn BUTCHER","Canoe Slalom","Men's Kayak Cross","New Zealand",1945386,"Male",0,0,1995-03-17
"Silver Medal",2024-08-05,"Joseph CLARKE","Canoe Slalom","Men's Kayak Cross","Great Britain",1896032,"Male",0,0,1992-11-03
"Bronze Medal",2024-08-05,"Noah HEGGE","Canoe Slalom","Men's Kayak Cross","Germany",1913780,"Male",0,0,1999-03-15
"Gold Medal",2024-08-05,"Noemie FOX","Canoe Slalom","Women's Kayak Cross","Australia",1940209,"Female",0,0,1997-03-19
"Silver Medal",2024-08-05,"Angele HUG","Canoe Slalom","Women's Kayak Cross","France",1880483,"Female",0,0,2000-07-30
"Bronze Medal",2024-08-05,"Kimberley WOODS","Canoe Slalom","Women's Kayak Cross","Great Britain",1896045,"Female",0,0,1995-09-08
"Gold Medal",2024-08-05,"LI Yuehong","Shooting","25m Rapid Fire Pistol Men","China",1913913,"Male",0,0,1989-08-28
"Silver Medal",2024-08-05,"CHO Yeongjae","Shooting","25m Rapid Fire Pistol Men","Korea",1893852,"Male",0,0,1999-01-15
"Bronze Medal",2024-08-05,"WANG Xinjie","Shooting","25m Rapid Fire Pistol Men","China",1913919,"Male",0,0,1996-10-24
"Gold Medal",2024-08-05,"Kauli VAAST","Surfing","Men","France",1567361,"Male",0,0,2002-02-26
"Silver Medal",2024-08-05,"Jack ROBINSON","Surfing","Men","Australia",1946129,"Male",0,0,1997-12-27
"Bronze Medal",2024-08-05,"Gabriel MEDINA","Surfing","Men","Brazil",1955778,"Male",0,0,1993-12-22
"Gold Medal",2024-08-05,"Caroline MARKS","Surfing","Women","United States",1943206,"Female",0,0,2002-02-14
"Silver Medal",2024-08-05,"Tatiana WESTON-WEBB","Surfing","Women","Brazil",1955783,"Female",0,0,1996-05-09
"Bronze Medal",2024-08-05,"Johanne DEFAY","Surfing","Women","France",1567359,"Female",0,0,1993-11-19
"Gold Medal",2024-08-06,"Cole HOCKER","Athletics","Men's 1500m","United States",1960933,"Male",177,0,2001-06-06
"Silver Medal",2024-08-06,"Josh KERR","Athletics","Men's 1500m","Great Britain",1924440,"Male",187,0,1997-10-08
"Bronze Medal",2024-08-06,"Yared NUGUSE","Athletics","Men's 1500m","United States",1965327,"Male",185,0,1999-06-01
"Gold Medal",2024-08-06,"Miltiadis TENTOGLOU","Athletics","Men's Long Jump","Greece",1961246,"Male",185,0,1998-03-18
"Silver Medal",2024-08-06,"Wayne PINNOCK","Athletics","Men's Long Jump","Jamaica",1938899,"Male",178,0,2000-10-24
"Bronze Medal",2024-08-06,"Mattia FURLANI","Athletics","Men's Long Jump","Italy",1552378,"Male",183,0,2005-02-07
"Gold Medal",2024-08-06,"Gabrielle THOMAS","Athletics","Women's 200m","United States",1965868,"Female",177,0,1996-12-07
"Silver Medal",2024-08-06,"Julien ALFRED","Athletics","Women's 200m","Saint Lucia",1537325,"Female",170,0,2001-06-10
"Bronze Medal",2024-08-06,"Brittany BROWN","Athletics","Women's 200m","United States",1960588,"Female",162,0,1995-04-18
"Gold Medal",2024-08-06,"Winfred YAVI","Athletics","Women's 3000m Steeplechase","Bahrain",1926102,"Female",159,0,1999-12-31
"Silver Medal",2024-08-06,"Peruth CHEMUTAI","Athletics","Women's 3000m Steeplechase","Uganda",1971686,"Female",163,0,1999-07-10
"Bronze Medal",2024-08-06,"Faith CHEROTICH","Athletics","Women's 3000m Steeplechase","Kenya",1910453,"Female",167,0,2004-07-13
"Gold Medal",2024-08-06,"Camryn ROGERS","Athletics","Women's Hammer Throw","Canada",1974290,"Female",167,0,1999-06-07
"Silver Medal",2024-08-06,"Annette Nneka ECHIKUNWOKE","Athletics","Women's Hammer Throw","United States",1960899,"Female",182,0,1996-07-29
"Bronze Medal",2024-08-06,"ZHAO Jie","Athletics","Women's Hammer Throw","China",1919077,"Female",183,0,2002-10-13
"Bronze Medal",2024-08-06,"Omari JONES","Boxing","Men's 71kg","United States",1955645,"Male",180,0,2002-11-07
"Bronze Medal",2024-08-06,"Lewis RICHARDSON","Boxing","Men's 71kg","Great Britain",1912009,"Male",187,0,1997-06-04
"Bronze Medal",2024-08-06,"Nazym KYZAIBAY","Boxing","Women's 50kg","Kazakhstan",1931331,"Female",160,0,1993-09-14
"Bronze Medal",2024-08-06,"Aira VILLEGAS","Boxing","Women's 50kg","Philippines",1979870,"Female",158,0,1995-08-01
"Gold Medal",2024-08-06,"Kellie HARRINGTON","Boxing","Women's 60kg","Ireland",1555098,"Female",169,0,1989-12-11
"Silver Medal",2024-08-06,"YANG Wenlu","Boxing","Women's 60kg","China",1926828,"Female",173,0,1991-01-13
"Bronze Medal",2024-08-06,"Janjaem SUWANNAPHENG","Boxing","Women's 66kg","Thailand",1898283,"Female",170,0,2000-09-25
"Bronze Medal",2024-08-06,"CHEN Nien Chin","Boxing","Women's 66kg","Chinese Taipei",1887975,"Female",170,0,1997-05-10
"Gold Medal",2024-08-06,"QUAN Hongchan","Diving","Women's 10m Platform","China",1901545,"Female",0,0,2007-03-28
"Silver Medal",2024-08-06,"CHEN Yuxi","Diving","Women's 10m Platform","China",1901544,"Female",0,0,2005-09-11
"Bronze Medal",2024-08-06,"KIM Mi Rae","Diving","Women's 10m Platform","DPR Korea",1980115,"Female",0,0,2001-04-07
"Gold Medal",2024-08-06,"Christian KUKUK","Equestrian","Jumping Individual","Germany",1914912,"Male",0,0,1990-03-04
"Silver Medal",2024-08-06,"Steve GUERDAT","Equestrian","Jumping Individual","Switzerland",1976553,"Male",0,0,1982-06-10
"Bronze Medal",2024-08-06,"Maikel van der VLEUTEN","Equestrian","Jumping Individual","Netherlands",1976879,"Male",0,0,1988-02-10
"Gold Medal",2024-08-06,"Arisa TREW","Skateboarding","Women's Park","Australia",1946064,"Female",0,0,2010-05-12
"Silver Medal",2024-08-06,"HIRAKI Cocona","Skateboarding","Women's Park","Japan",1902075,"Female",0,0,2008-08-26
"Bronze Medal",2024-08-06,"Sky BROWN","Skateboarding","Women's Park","Great Britain",1544123,"Female",0,0,2008-07-07
"Gold Medal",2024-08-06,"Mijain LOPEZ NUNEZ","Wrestling","Men's Greco-Roman 130kg","Cuba",1571506,"Male",0,0,1982-08-20
"Silver Medal",2024-08-06,"Yasmani ACOSTA FERNANDEZ","Wrestling","Men's Greco-Roman 130kg","Chile",1935199,"Male",0,0,1988-07-16
"Bronze Medal",2024-08-06,"Amin MIRZAZADEH","Wrestling","Men's Greco-Roman 130kg","IR Iran",1544882,"Male",0,0,1998-01-08
"Bronze Medal",2024-08-06,"MENG Lingzhe","Wrestling","Men's Greco-Roman 130kg","China",1919983,"Male",0,0,1998-04-16
"Gold Medal",2024-08-06,"FUMITA Kenichiro","Wrestling","Men's Greco-Roman 60kg","Japan",1939713,"Male",0,0,1995-12-18
"Silver Medal",2024-08-06,"CAO Liguo","Wrestling","Men's Greco-Roman 60kg","China",1919973,"Male",0,0,1998-10-04
"Bronze Medal",2024-08-06,"Zholaman SHARSHENBEKOV","Wrestling","Men's Greco-Roman 60kg","Kyrgyzstan",1566631,"Male",0,0,1999-09-29
"Bronze Medal",2024-08-06,"RI Se Ung","Wrestling","Men's Greco-Roman 60kg","DPR Korea",1980153,"Male",0,0,1998-12-22
"Gold Medal",2024-08-06,"Amit ELOR","Wrestling","Women's Freestyle 68kg","United States",1955304,"Female",0,0,2004-01-01
"Silver Medal",2024-08-06,"Meerim ZHUMANAZAROVA","Wrestling","Women's Freestyle 68kg","Kyrgyzstan",1568241,"Female",0,0,1999-11-09
"Bronze Medal",2024-08-06,"Buse CAVUSOGLU TOSUN","Wrestling","Women's Freestyle 68kg","Türkiye",1570415,"Female",0,0,1995-12-05
"Bronze Medal",2024-08-06,"OZAKI Nonoka","Wrestling","Women's Freestyle 68kg","Japan",1939709,"Female",0,0,2003-03-23
"Gold Medal",2024-08-07,"Soufiane EL BAKKALI","Athletics","Men's 3000m Steeplechase","Morocco",1555372,"Male",196,0,1996-01-07
"Silver Medal",2024-08-07,"Kenneth ROOKS","Athletics","Men's 3000m Steeplechase","United States",1965896,"Male",180,0,1999-10-21
"Bronze Medal",2024-08-07,"Abraham KIBIWOT","Athletics","Men's 3000m Steeplechase","Kenya",1910445,"Male",173,0,1996-04-06
"Gold Medal",2024-08-07,"Quincy HALL","Athletics","Men's 400m","United States",1960177,"Male",187,0,1998-07-31
"Silver Medal",2024-08-07,"Matthew HUDSON-SMITH","Athletics","Men's 400m","Great Britain",1924430,"Male",187,0,1994-10-26
"Bronze Medal",2024-08-07,"Muzala SAMUKONGA","Athletics","Men's 400m","Zambia",1937531,"Male",188,0,2002-12-09
"Gold Medal",2024-08-07,"Roje STONA","Athletics","Men's Discus Throw","Jamaica",1912322,"Male",200,0,1999-02-26
"Silver Medal",2024-08-07,"Mykolas ALEKNA","Athletics","Men's Discus Throw","Lithuania",1922593,"Male",195,0,2002-09-28
"Bronze Medal",2024-08-07,"Matthew DENNY","Athletics","Men's Discus Throw","Australia",1939824,"Male",195,0,1996-06-02
"Gold Medal",2024-08-07,"Nina KENNEDY","Athletics","Women's Pole Vault","Australia",1939839,"Female",167,0,1997-04-05
"Silver Medal",2024-08-07,"Katie MOON","Athletics","Women's Pole Vault","United States",1965268,"Female",173,0,1991-06-13
"Bronze Medal",2024-08-07,"Alysha NEWMAN","Athletics","Women's Pole Vault","Canada",1974216,"Female",175,0,1994-06-29
"Bronze Medal",2024-08-07,"Nelvie Raman TIAFACK","Boxing","Men's +92kg","Germany",1895903,"Male",189,0,1999-01-03
"Bronze Medal",2024-08-07,"Djamili-Dini ABOUDOU MOINDZE","Boxing","Men's +92kg","France",1879120,"Male",181,0,1996-02-16
"Gold Medal",2024-08-07,"Erislandy ALVAREZ BORGES","Boxing","Men's 63.5kg","Cuba",1555537,"Male",168,0,2000-07-14
"Silver Medal",2024-08-07,"Sofiane OUMIHA","Boxing","Men's 63.5kg","France",1879111,"Male",178,0,1994-12-23
"Gold Medal",2024-08-07,"Oleksandr KHYZHNIAK","Boxing","Men's 80kg","Ukraine",1564362,"Male",181,0,1995-08-03
"Silver Medal",2024-08-07,"Nurbek ORALBAY","Boxing","Men's 80kg","Kazakhstan",1932824,"Male",187,0,2000-06-11
"Bronze Medal",2024-08-07,"Esra YILDIZ KAHRAMAN","Boxing","Women's 57kg","Türkiye",1568204,"Female",168,0,1997-07-04
"Bronze Medal",2024-08-07,"Nesthy PETECIO","Boxing","Women's 57kg","Philippines",1979904,"Female",158,0,1992-04-11
"Gold Medal",2024-08-07,"Matt WEARN","Sailing","Men's Dinghy","Australia",1945990,"Male",0,0,1995-09-30
"Silver Medal",2024-08-07,"Pavlos KONTIDES","Sailing","Men's Dinghy","Cyprus",1905347,"Male",0,0,1990-02-11
"Bronze Medal",2024-08-07,"Stefano PESCHIERA","Sailing","Men's Dinghy","Peru",1944316,"Male",0,0,1995-01-16
"Gold Medal",2024-08-07,"Marit BOUWMEESTER","Sailing","Women's Dinghy","Netherlands",1970500,"Female",0,0,1988-06-17
"Silver Medal",2024-08-07,"Anne-Marie RINDOM","Sailing","Women's Dinghy","Denmark",1895121,"Female",0,0,1991-06-14
"Bronze Medal",2024-08-07,"Line Flem HOEST","Sailing","Women's Dinghy","Norway",1878602,"Female",0,0,1995-11-10
"Gold Medal",2024-08-07,"Keegan PALMER","Skateboarding","Men's Park","Australia",1946074,"Male",0,0,2003-03-13
"Silver Medal",2024-08-07,"Tom SCHAAR","Skateboarding","Men's Park","United States",1944247,"Male",0,0,1999-09-14
"Bronze Medal",2024-08-07,"Augusto AKIO","Skateboarding","Men's Park","Brazil",1955669,"Male",0,0,2000-12-12
"Gold Medal",2024-08-07,"Aleksandra MIROSLAW","Sport Climbing","Women's Speed","Poland",1563327,"Female",162,0,1994-02-02
"Silver Medal",2024-08-07,"DENG Lijuan","Sport Climbing","Women's Speed","China",1913702,"Female",163,0,2000-05-12
"Bronze Medal",2024-08-07,"Aleksandra KALUCKA","Sport Climbing","Women's Speed","Poland",1563321,"Female",164,0,2001-12-25
"Gold Medal",2024-08-07,"PARK Taejoon","Taekwondo","Men -58kg","Korea",1904040,"Male",0,0,2004-06-06
"Silver Medal",2024-08-07,"Gashim MAGOMEDOV","Taekwondo","Men -58kg","Azerbaijan",1946883,"Male",0,0,1999-09-22
"Bronze Medal",2024-08-07,"Cyrian RAVET","Taekwondo","Men -58kg","France",1893274,"Male",0,0,2002-09-05
"Bronze Medal",2024-08-07,"Mohamed Khalil JENDOUBI","Taekwondo","Men -58kg","Tunisia",1947736,"Male",0,0,2002-06-01
"Gold Medal",2024-08-07,"Panipak WONGPATTANAKIT","Taekwondo","Women -49kg","Thailand",1902841,"Female",0,0,1997-08-08
"Silver Medal",2024-08-07,"GUO Qing","Taekwondo","Women -49kg","China",1910372,"Female",0,0,2000-05-16
"Bronze Medal",2024-08-07,"Mobina NEMATZADEH","Taekwondo","Women -49kg","IR Iran",1536064,"Female",0,0,2005-05-17
"Bronze Medal",2024-08-07,"Lena STOJKOVIC","Taekwondo","Women -49kg","Croatia",1569986,"Female",0,0,2002-01-03
"Gold Medal",2024-08-07,"LI Fabin","Weightlifting","Men's 61kg","China",1918372,"Male",0,0,1993-01-15
"Silver Medal",2024-08-07,"Theerapong SILACHAI","Weightlifting","Men's 61kg","Thailand",1898059,"Male",0,0,2003-11-19
"Bronze Medal",2024-08-07,"Hampton MORRIS","Weightlifting","Men's 61kg","United States",1917153,"Male",0,0,2004-02-17
"Gold Medal",2024-08-07,"HOU Zhihui","Weightlifting","Women's 49kg","China",1918377,"Female",0,0,1997-03-18
"Silver Medal",2024-08-07,"Mihaela Valentina CAMBEI","Weightlifting","Women's 49kg","Romania",1550148,"Female",0,0,2002-11-18
"Bronze Medal",2024-08-07,"Surodchana KHAMBAO","Weightlifting","Women's 49kg","Thailand",1898024,"Female",0,0,1999-12-23
"Gold Medal",2024-08-07,"KUSAKA Nao","Wrestling","Men's Greco-Roman 77kg","Japan",1939692,"Male",0,0,2000-11-28
"Silver Medal",2024-08-07,"Demeu ZHADRAYEV","Wrestling","Men's Greco-Roman 77kg","Kazakhstan",1958652,"Male",0,0,1989-11-02
"Bronze Medal",2024-08-07,"Malkhas AMOYAN","Wrestling","Men's Greco-Roman 77kg","Armenia",1532873,"Male",0,0,1999-01-22
"Bronze Medal",2024-08-07,"Akzhol MAKHMUDOV","Wrestling","Men's Greco-Roman 77kg","Kyrgyzstan",1566627,"Male",0,0,1999-04-15
"Gold Medal",2024-08-07,"Mohammadhadi SARAVI","Wrestling","Men's Greco-Roman 97kg","IR Iran",1544897,"Male",0,0,1998-01-06
"Silver Medal",2024-08-07,"Artur ALEKSANYAN","Wrestling","Men's Greco-Roman 97kg","Armenia",1532872,"Male",0,0,1991-10-21
"Bronze Medal",2024-08-07,"Gabriel Alejandro ROSILLO KINDELAN","Wrestling","Men's Greco-Roman 97kg","Cuba",1571504,"Male",0,0,1999-01-04
"Bronze Medal",2024-08-07,"Uzur DZHUZUPBEKOV","Wrestling","Men's Greco-Roman 97kg","Kyrgyzstan",1566601,"Male",0,0,1996-04-12
"Gold Medal",2024-08-07,"Sarah Ann HILDEBRANDT","Wrestling","Women's Freestyle 50kg","United States",1955373,"Female",0,0,1993-09-23
"Silver Medal",2024-08-07,"Yusneylis GUZMAN LOPEZ","Wrestling","Women's Freestyle 50kg","Cuba",1571747,"Female",0,0,1996-08-08
"Bronze Medal",2024-08-07,"SUSAKI Yui","Wrestling","Women's Freestyle 50kg","Japan",1939712,"Female",0,0,1999-06-30
"Bronze Medal",2024-08-07,"FENG Ziqi","Wrestling","Women's Freestyle 50kg","China",1920000,"Female",0,0,1999-06-29
"Gold Medal",2024-08-08,"Grant HOLLOWAY","Athletics","Men's 110m Hurdles","United States",1960961,"Male",187,0,1997-11-19
"Silver Medal",2024-08-08,"Daniel ROBERTS","Athletics","Men's 110m Hurdles","United States",1965223,"Male",185,0,1997-11-13
"Bronze Medal",2024-08-08,"Rasheed BROADBELL","Athletics","Men's 110m Hurdles","Jamaica",1901251,"Male",186,0,2000-08-13
"Gold Medal",2024-08-08,"Letsile TEBOGO","Athletics","Men's 200m","Botswana",1936983,"Male",184,0,2003-06-07
"Silver Medal",2024-08-08,"Kenneth BEDNAREK","Athletics","Men's 200m","United States",1960659,"Male",187,0,1998-10-14
"Bronze Medal",2024-08-08,"Noah LYLES","Athletics","Men's 200m","United States",1960173,"Male",177,0,1997-07-18
"Gold Medal",2024-08-08,"Arshad NADEEM","Athletics","Men's Javelin Throw","Pakistan",1878563,"Male",190,0,1997-01-02
"Silver Medal",2024-08-08,"Neeraj CHOPRA","Athletics","Men's Javelin Throw","India",1550250,"Male",186,0,1997-12-24
"Bronze Medal",2024-08-08,"Anderson PETERS","Athletics","Men's Javelin Throw","Grenada",1573418,"Male",185,0,1997-10-21
"Gold Medal",2024-08-08,"Sydney McLAUGHLIN-LEVRONE","Athletics","Women's 400m Hurdles","United States",1965308,"Female",175,0,1999-08-07
"Silver Medal",2024-08-08,"Anna COCKRELL","Athletics","Women's 400m Hurdles","United States",1960581,"Female",180,0,1997-08-28
"Bronze Medal",2024-08-08,"Femke BOL","Athletics","Women's 400m Hurdles","Netherlands",1972078,"Female",180,0,2000-02-23
"Gold Medal",2024-08-08,"Tara DAVIS-WOODHALL","Athletics","Women's Long Jump","United States",1960711,"Female",160,0,1999-05-20
"Silver Medal",2024-08-08,"Malaika MIHAMBO","Athletics","Women's Long Jump","Germany",1920175,"Female",171,0,1994-02-03
"Bronze Medal",2024-08-08,"Jasmine MOORE","Athletics","Women's Long Jump","United States",1965250,"Female",172,0,2001-05-01
"Gold Medal",2024-08-08,"Hasanboy DUSMATOV","Boxing","Men's 51kg","Uzbekistan",1556045,"Male",156,0,1993-06-24
"Silver Medal",2024-08-08,"Billal BENNAMA","Boxing","Men's 51kg","France",1879110,"Male",178,0,1998-06-14
"Bronze Medal",2024-08-08,"Charlie SENIOR","Boxing","Men's 57kg","Australia",1940136,"Male",178,0,2001-11-20
"Bronze Medal",2024-08-08,"Javier IBANEZ DIAZ","Boxing","Men's 57kg","Bulgaria",1555185,"Male",165,0,1996-07-14
"Gold Medal",2024-08-08,"CHANG Yuan","Boxing","Women's 54kg","China",1926832,"Female",165,0,1997-06-24
"Silver Medal",2024-08-08,"Hatice AKBAS","Boxing","Women's 54kg","Türkiye",1568186,"Female",172,0,2001-06-24
"Bronze Medal",2024-08-08,"Caitlin PARKER","Boxing","Women's 75kg","Australia",1940134,"Female",175,0,1996-04-17
"Gold Medal",2024-08-08,"Benjamin THOMAS","Cycling Track","Men's Omnium","France",1895717,"Male",0,0,1995-09-12
"Silver Medal",2024-08-08,"Iuri LEITAO","Cycling Track","Men's Omnium","Portugal",1933816,"Male",0,0,1998-07-03
"Bronze Medal",2024-08-08,"Fabio van den BOSSCHE","Cycling Track","Men's Omnium","Belgium",1915370,"Male",0,0,2000-09-21
"Gold Medal",2024-08-08,"Ellesse ANDREWS","Cycling Track","Women's Keirin","New Zealand",1945040,"Female",0,0,1999-12-31
"Silver Medal",2024-08-08,"Hetty van de WOUW","Cycling Track","Women's Keirin","Netherlands",1969180,"Female",0,0,1998-05-29
"Bronze Medal",2024-08-08,"Emma FINUCANE","Cycling Track","Women's Keirin","Great Britain",1912522,"Female",0,0,2002-12-22
"Gold Medal",2024-08-08,"XIE Siyi","Diving","Men's 3m Springboard","China",1901550,"Male",0,0,1996-03-28
"Silver Medal",2024-08-08,"WANG Zongyuan","Diving","Men's 3m Springboard","China",1901549,"Male",0,0,2001-10-24
"Bronze Medal",2024-08-08,"Osmar OLVERA IBARRA","Diving","Men's 3m Springboard","Mexico",1535349,"Male",0,0,2004-06-05
"Gold Medal",2024-08-08,"Sharon van ROUWENDAAL","Marathon Swimming","Women's 10km","Netherlands",1972515,"Female",0,0,1993-09-09
"Gold Medal",2024-08-08,"Eleanor ALDRIDGE","Sailing","Women's Kite","Great Britain",1899728,"Female",0,0,1996-12-29
"Silver Medal",2024-08-08,"Lauriane NOLOT","Sailing","Women's Kite","France",1559512,"Female",0,0,1998-12-09
"Bronze Medal",2024-08-08,"Annelous LAMMERTS","Sailing","Women's Kite","Netherlands",1970517,"Female",0,0,1993-11-01
"Gold Medal",2024-08-08,"Veddriq LEONARDO","Sport Climbing","Men's Speed","Indonesia",1940329,"Male",162,0,1997-03-11
"Silver Medal",2024-08-08,"WU Peng","Sport Climbing","Men's Speed","China",1913699,"Male",172,0,2002-10-15
"Bronze Medal",2024-08-08,"Sam WATSON","Sport Climbing","Men's Speed","United States",1950309,"Male",180,0,2006-02-27
"Gold Medal",2024-08-08,"Ulugbek RASHITOV","Taekwondo","Men -68kg","Uzbekistan",1887714,"Male",0,0,2002-03-23
"Silver Medal",2024-08-08,"Zaid KAREEM","Taekwondo","Men -68kg","Jordan",1537401,"Male",0,0,2001-06-19
"Bronze Medal",2024-08-08,"LIANG Yushuai","Taekwondo","Men -68kg","China",1910367,"Male",0,0,2000-09-10
"Bronze Medal",2024-08-08,"Edival PONTES","Taekwondo","Men -68kg","Brazil",1955815,"Male",0,0,1997-10-11
"Gold Medal",2024-08-08,"KIM Yujin","Taekwondo","Women -57kg","Korea",1904038,"Female",0,0,2000-10-17
"Silver Medal",2024-08-08,"Nahid KIYANICHANDEH","Taekwondo","Women -57kg","IR Iran",1536067,"Female",0,0,1998-08-01
"Bronze Medal",2024-08-08,"Skylar PARK","Taekwondo","Women -57kg","Canada",1966505,"Female",0,0,1999-06-06
"Bronze Medal",2024-08-08,"Alizadeh KIMIA","Taekwondo","Women -57kg","Bulgaria",2493835,"Female",0,0,1998-07-10
"Gold Medal",2024-08-08,"Rizki JUNIANSYAH","Weightlifting","Men's 73kg","Indonesia",1941786,"Male",0,0,2003-06-17
"Silver Medal",2024-08-08,"Weeraphon WICHUMA","Weightlifting","Men's 73kg","Thailand",1898067,"Male",0,0,2004-08-10
"Bronze Medal",2024-08-08,"Bozhidar Dimitrov ANDREEV","Weightlifting","Men's 73kg","Bulgaria",1902787,"Male",0,0,1997-01-17
"Gold Medal",2024-08-08,"LUO Shifang","Weightlifting","Women's 59kg","China",1918379,"Female",0,0,2001-04-02
"Silver Medal",2024-08-08,"Maude CHARRON","Weightlifting","Women's 59kg","Canada",1965815,"Female",0,0,1993-04-28
"Bronze Medal",2024-08-08,"KUO Hsing-Chun","Weightlifting","Women's 59kg","Chinese Taipei",1569563,"Female",0,0,1993-11-26
"Gold Medal",2024-08-08,"Saeid ESMAEILI LEIVESI","Wrestling","Men's Greco-Roman 67kg","IR Iran",1544928,"Male",0,0,2003-07-15
"Silver Medal",2024-08-08,"Parviz NASIBOV","Wrestling","Men's Greco-Roman 67kg","Ukraine",1550119,"Male",0,0,1998-08-18
"Bronze Medal",2024-08-08,"Hasrat JAFAROV","Wrestling","Men's Greco-Roman 67kg","Azerbaijan",1981760,"Male",0,0,2002-10-05
"Bronze Medal",2024-08-08,"Luis Alberto ORTA SANCHEZ","Wrestling","Men's Greco-Roman 67kg","Cuba",1571498,"Male",0,0,1994-08-22
"Gold Medal",2024-08-08,"Semen Sergeevich NOVIKOV","Wrestling","Men's Greco-Roman 87kg","Bulgaria",1559471,"Male",0,0,1997-12-11
"Silver Medal",2024-08-08,"Alireza MOHMADIPIANI","Wrestling","Men's Greco-Roman 87kg","IR Iran",1544880,"Male",0,0,2002-10-30
"Bronze Medal",2024-08-08,"Zhan BELENIUK","Wrestling","Men's Greco-Roman 87kg","Ukraine",1550116,"Male",0,0,1991-01-24
"Bronze Medal",2024-08-08,"Turpal Ali BISULTANOV","Wrestling","Men's Greco-Roman 87kg","Denmark",1879518,"Male",0,0,2001-10-14
"Gold Medal",2024-08-08,"FUJINAMI Akari","Wrestling","Women's Freestyle 53kg","Japan",1939711,"Female",0,0,2003-11-11
"Silver Medal",2024-08-08,"Lucia Yamileth YEPEZ GUZMAN","Wrestling","Women's Freestyle 53kg","Ecuador",1960228,"Female",0,0,2001-02-18
"Bronze Medal",2024-08-08,"CHOE Hyo Gyong","Wrestling","Women's Freestyle 53kg","DPR Korea",1980149,"Female",0,0,2000-05-10
"Bronze Medal",2024-08-08,"PANG Qianyu","Wrestling","Women's Freestyle 53kg","China",1920006,"Female",0,0,1996-11-13
"Gold Medal",2024-08-09,"Rai BENJAMIN","Athletics","Men's 400m Hurdles","United States",1960684,"Male",190,0,1997-07-27
"Silver Medal",2024-08-09,"Karsten WARHOLM","Athletics","Men's 400m Hurdles","Norway",1894095,"Male",188,0,1996-02-28
"Bronze Medal",2024-08-09,"Alison dos SANTOS","Athletics","Men's 400m Hurdles","Brazil",1951913,"Male",198,0,2000-06-03
"Gold Medal",2024-08-09,"Jordan Alejandro DIAZ FORTUN","Athletics","Men's Triple Jump","Spain",1904099,"Male",190,0,2001-02-23
"Silver Medal",2024-08-09,"Pedro PICHARDO","Athletics","Men's Triple Jump","Portugal",1938792,"Male",185,0,1993-06-30
"Bronze Medal",2024-08-09,"Andy DIAZ HERNANDEZ","Athletics","Men's Triple Jump","Italy",1552375,"Male",192,0,1995-12-25
"Gold Medal",2024-08-09,"Beatrice CHEBET","Athletics","Women's 10,000m","Kenya",1910560,"Female",152,0,2000-03-05
"Silver Medal",2024-08-09,"Nadia BATTOCLETTI","Athletics","Women's 10,000m","Italy",1552305,"Female",170,0,2000-04-12
"Bronze Medal",2024-08-09,"Sifan HASSAN","Athletics","Women's 10,000m","Netherlands",1972105,"Female",170,0,1993-01-01
"Gold Medal",2024-08-09,"Marileidy PAULINO","Athletics","Women's 400m","Dominican Republic",1899666,"Female",172,0,1996-10-25
"Silver Medal",2024-08-09,"Salwa Eid NASER","Athletics","Women's 400m","Bahrain",1915338,"Female",168,0,1998-05-23
"Bronze Medal",2024-08-09,"Natalia KACZMAREK","Athletics","Women's 400m","Poland",1573098,"Female",174,0,1998-01-17
"Gold Medal",2024-08-09,"Yemisi OGUNLEYE","Athletics","Women's Shot Put","Germany",1920183,"Female",185,0,1998-10-03
"Silver Medal",2024-08-09,"Maddison-Lee WESCHE","Athletics","Women's Shot Put","New Zealand",1926695,"Female",174,0,1999-06-13
"Bronze Medal",2024-08-09,"SONG Jiayuan","Athletics","Women's Shot Put","China",1919065,"Female",185,0,1997-09-15
"Gold Medal",2024-08-09,"Asadkhuja MUYDINKHUJAEV","Boxing","Men's 71kg","Uzbekistan",1556797,"Male",174,0,2001-05-08
"Silver Medal",2024-08-09,"Marco Alonso VERDE ALVAREZ","Boxing","Men's 71kg","Mexico",1535187,"Male",180,0,2002-02-11
"Gold Medal",2024-08-09,"Lazizbek MULLOJONOV","Boxing","Men's 92kg","Uzbekistan",1556860,"Male",192,0,1999-05-13
"Silver Medal",2024-08-09,"Loren Berto ALFONSO DOMINGUEZ","Boxing","Men's 92kg","Azerbaijan",1972343,"Male",189,0,1995-07-28
"Gold Medal",2024-08-09,"WU Yu","Boxing","Women's 50kg","China",1926833,"Female",160,0,1995-01-13
"Silver Medal",2024-08-09,"Buse Naz CAKIROGLU","Boxing","Women's 50kg","Türkiye",1568182,"Female",164,0,1996-05-26
"Gold Medal",2024-08-09,"Imane KHELIF","Boxing","Women's 66kg","Algeria",1540353,"Female",178,0,1999-05-02
"Silver Medal",2024-08-09,"YANG Liu","Boxing","Women's 66kg","China",1926827,"Female",178,0,1992-05-20
"Gold Medal",2024-08-09,"AMI","Breaking","B-Girls","Japan",1953038,"Female",0,0,1998-12-11
"Silver Medal",2024-08-09,"NICKA","Breaking","B-Girls","Lithuania",1924559,"Female",0,0,2007-06-08
"Bronze Medal",2024-08-09,"671","Breaking","B-Girls","China",1909907,"Female",0,0,2005-10-19
"Gold Medal",2024-08-09,"Martin FUKSA","Canoe Sprint","Men's Canoe Single 1000m","Czechia",1878716,"Male",0,0,1993-04-30
"Silver Medal",2024-08-09,"Isaquias QUEIROZ","Canoe Sprint","Men's Canoe Single 1000m","Brazil",1952595,"Male",0,0,1994-01-03
"Bronze Medal",2024-08-09,"Serghei TARNOVSCHI","Canoe Sprint","Men's Canoe Single 1000m","Republic of Moldova",1550295,"Male",0,0,1997-06-24
"Gold Medal",2024-08-09,"Harrie LAVREYSEN","Cycling Track","Men's Sprint","Netherlands",1969182,"Male",0,0,1997-03-14
"Silver Medal",2024-08-09,"Matthew RICHARDSON","Cycling Track","Men's Sprint","Australia",1940263,"Male",0,0,1999-04-17
"Bronze Medal",2024-08-09,"Jack CARLIN","Cycling Track","Men's Sprint","Great Britain",1912515,"Male",0,0,1997-04-23
"Gold Medal",2024-08-09,"CHEN Yiwen","Diving","Women's 3m Springboard","China",1901538,"Female",0,0,1999-06-15
"Silver Medal",2024-08-09,"Maddison KEENEY","Diving","Women's 3m Springboard","Australia",1940414,"Female",0,0,1996-05-23
"Bronze Medal",2024-08-09,"CHANG Yani","Diving","Women's 3m Springboard","China",1901539,"Female",0,0,2001-12-07
"Gold Medal",2024-08-09,"Kristof RASOVSZKY","Marathon Swimming","Men's 10km","Hungary",1909030,"Male",0,0,1997-03-27
"Gold Medal",2024-08-09,"Valentin BONTUS","Sailing","Men's Kite","Austria",1566437,"Male",0,0,2001-02-01
"Silver Medal",2024-08-09,"Toni VODISEK","Sailing","Men's Kite","Slovenia",1981549,"Male",0,0,2000-06-07
"Bronze Medal",2024-08-09,"Maximilian MAEDER","Sailing","Men's Kite","Singapore",1535852,"Male",0,0,2006-09-12
"Gold Medal",2024-08-09,"Toby ROBERTS","Sport Climbing","Men's Boulder & Lead","Great Britain",1544218,"Male",174,0,2005-03-15
"Silver Medal",2024-08-09,"ANRAKU Sorato","Sport Climbing","Men's Boulder & Lead","Japan",1892022,"Male",168,0,2006-11-14
"Bronze Medal",2024-08-09,"Jakob SCHUBERT","Sport Climbing","Men's Boulder & Lead","Austria",1560677,"Male",175,0,1990-12-31
"Gold Medal",2024-08-09,"Firas KATOUSSI","Taekwondo","Men -80kg","Tunisia",1947737,"Male",0,0,1995-09-06
"Silver Medal",2024-08-09,"Mehran BARKHORDARI","Taekwondo","Men -80kg","IR Iran",1536058,"Male",0,0,2000-07-26
"Bronze Medal",2024-08-09,"Simone ALESSIO","Taekwondo","Men -80kg","Italy",1929685,"Male",0,0,2000-04-14
"Bronze Medal",2024-08-09,"Edi HRNIC","Taekwondo","Men -80kg","Denmark",1914832,"Male",0,0,2003-12-26
"Gold Medal",2024-08-09,"Viviana MARTON","Taekwondo","Women -67kg","Hungary",1572318,"Female",0,0,2006-02-16
"Silver Medal",2024-08-09,"Aleksandra PERISIC","Taekwondo","Women -67kg","Serbia",1956372,"Female",0,0,2002-07-02
"Bronze Medal",2024-08-09,"Kristina TEACHOUT","Taekwondo","Women -67kg","United States",1930773,"Female",0,0,2005-09-13
"Bronze Medal",2024-08-09,"Sarah CHAARI","Taekwondo","Women -67kg","Belgium",1903284,"Female",0,0,2005-05-02
"Gold Medal",2024-08-09,"Karlos May NASAR","Weightlifting","Men's 89kg","Bulgaria",1903011,"Male",0,0,2004-05-12
"Silver Medal",2024-08-09,"Yeison LOPEZ","Weightlifting","Men's 89kg","Colombia",1543506,"Male",0,0,1999-09-01
"Bronze Medal",2024-08-09,"Antonino PIZZOLATO","Weightlifting","Men's 89kg","Italy",1568724,"Male",0,0,1996-08-20
"Gold Medal",2024-08-09,"Olivia REEVES","Weightlifting","Women's 71kg","United States",1917154,"Female",0,0,2003-04-19
"Silver Medal",2024-08-09,"Mari Leivis SANCHEZ","Weightlifting","Women's 71kg","Colombia",1543509,"Female",0,0,1991-10-08
"Bronze Medal",2024-08-09,"Angie Paola PALACIOS DAJOMES","Weightlifting","Women's 71kg","Ecuador",1940300,"Female",0,0,2000-09-12
"Gold Medal",2024-08-09,"HIGUCHI Rei","Wrestling","Men's Freestyle 57kg","Japan",1939714,"Male",0,0,1996-01-28
"Silver Medal",2024-08-09,"Spencer Richard LEE","Wrestling","Men's Freestyle 57kg","United States",1955415,"Male",0,0,1998-10-14
"Bronze Medal",2024-08-09,"Aman AMAN","Wrestling","Men's Freestyle 57kg","India",1931496,"Male",0,0,2003-07-16
"Bronze Medal",2024-08-09,"Gulomjon ABDULLAEV","Wrestling","Men's Freestyle 57kg","Uzbekistan",1562157,"Male",0,0,1998-11-11
"Gold Medal",2024-08-09,"Magomed Eldarovitch RAMAZANOV","Wrestling","Men's Freestyle 86kg","Bulgaria",1556873,"Male",0,0,1993-05-22
"Silver Medal",2024-08-09,"Hassan YAZDANICHARATI","Wrestling","Men's Freestyle 86kg","IR Iran",1544803,"Male",0,0,1994-12-26
"Bronze Medal",2024-08-09,"Aaron Marquel BROOKS","Wrestling","Men's Freestyle 86kg","United States",1955300,"Male",0,0,2000-06-15
"Bronze Medal",2024-08-09,"Dauren KURUGLIEV","Wrestling","Men's Freestyle 86kg","Greece",1963800,"Male",0,0,1992-07-12
"Gold Medal",2024-08-09,"SAKURAI Tsugumi","Wrestling","Women's Freestyle 57kg","Japan",1939710,"Female",0,0,2001-09-03
"Silver Medal",2024-08-09,"Anastasia NICHITA","Wrestling","Women's Freestyle 57kg","Republic of Moldova",1572203,"Female",0,0,1999-02-19
"Bronze Medal",2024-08-09,"Helen Louise MAROULIS","Wrestling","Women's Freestyle 57kg","United States",1955426,"Female",0,0,1991-09-19
"Bronze Medal",2024-08-09,"HONG Kexin","Wrestling","Women's Freestyle 57kg","China",1920010,"Female",0,0,2003-01-06
"Gold Medal",2024-08-10,"Jakob INGEBRIGTSEN","Athletics","Men's 5000m","Norway",1898250,"Male",187,0,2000-09-19
"Silver Medal",2024-08-10,"Ronald KWEMOI","Athletics","Men's 5000m","Kenya",1963077,"Male",176,0,1995-09-19
"Bronze Medal",2024-08-10,"Grant FISHER","Athletics","Men's 5000m","United States",1960959,"Male",177,0,1997-04-22
"Gold Medal",2024-08-10,"Emmanuel WANYONYI","Athletics","Men's 800m","Kenya",1910412,"Male",170,0,2004-08-01
"Silver Medal",2024-08-10,"Marco AROP","Athletics","Men's 800m","Canada",1974048,"Male",193,0,1998-09-20
"Bronze Medal",2024-08-10,"Djamel SEDJATI","Athletics","Men's 800m","Algeria",1963520,"Male",177,0,1999-05-03
"Gold Medal",2024-08-10,"Hamish KERR","Athletics","Men's High Jump","New Zealand",1926713,"Male",198,0,1996-08-17
"Silver Medal",2024-08-10,"Shelby McEWEN","Athletics","Men's High Jump","United States",1965306,"Male",187,0,1996-04-06
"Bronze Medal",2024-08-10,"Mutaz Essa BARSHIM","Athletics","Men's High Jump","Qatar",1566681,"Male",189,0,1991-06-24
"Gold Medal",2024-08-10,"Tamirat TOLA","Athletics","Men's Marathon","Ethiopia",1901284,"Male",180,0,1991-08-11
"Silver Medal",2024-08-10,"Bashir ABDI","Athletics","Men's Marathon","Belgium",1942753,"Male",170,0,1989-02-10
"Bronze Medal",2024-08-10,"Benson KIPRUTO","Athletics","Men's Marathon","Kenya",1910555,"Male",173,0,1991-03-17
"Gold Medal",2024-08-10,"Masai RUSSELL","Athletics","Women's 100m Hurdles","United States",1960169,"Female",162,0,2000-06-17
"Silver Medal",2024-08-10,"Cyrena SAMBA-MAYELA","Athletics","Women's 100m Hurdles","France",1911932,"Female",166,0,2000-10-31
"Gold Medal",2024-08-10,"Faith KIPYEGON","Athletics","Women's 1500m","Kenya",1910451,"Female",152,0,1994-01-10
"Silver Medal",2024-08-10,"Jessica HULL","Athletics","Women's 1500m","Australia",1939795,"Female",165,0,1996-10-22
"Bronze Medal",2024-08-10,"Georgia BELL","Athletics","Women's 1500m","Great Britain",1956840,"Female",165,0,1993-10-17
"Gold Medal",2024-08-10,"KITAGUCHI Haruka","Athletics","Women's Javelin Throw","Japan",1919914,"Female",176,0,1998-03-16
"Silver Medal",2024-08-10,"Jo-Ane van DYK","Athletics","Women's Javelin Throw","South Africa",1981085,"Female",171,0,1997-10-03
"Bronze Medal",2024-08-10,"Nikola OGRODNIKOVA","Athletics","Women's Javelin Throw","Czechia",1892137,"Female",171,0,1990-08-18
"Gold Medal",2024-08-10,"Bakhodir JALOLOV","Boxing","Men's +92kg","Uzbekistan",1556869,"Male",201,0,1994-07-08
"Silver Medal",2024-08-10,"Ayoub GHADFA DRISSI EL AISSAOUI","Boxing","Men's +92kg","Spain",1934775,"Male",198,0,1998-12-06
"Gold Medal",2024-08-10,"Abdumalik KHALOKOV","Boxing","Men's 57kg","Uzbekistan",1556049,"Male",174,0,2000-04-09
"Silver Medal",2024-08-10,"Munarbek SEIITBEK UULU","Boxing","Men's 57kg","Kyrgyzstan",1878687,"Male",175,0,1996-01-01
"Gold Medal",2024-08-10,"LIN Yu Ting","Boxing","Women's 57kg","Chinese Taipei",1887963,"Female",175,0,1995-12-13
"Silver Medal",2024-08-10,"Julia SZEREMETA","Boxing","Women's 57kg","Poland",1568655,"Female",165,0,2003-08-24
"Gold Medal",2024-08-10,"LI Qian","Boxing","Women's 75kg","China",1926826,"Female",178,0,1990-06-06
"Silver Medal",2024-08-10,"Atheyna Bibeichi BYLON","Boxing","Women's 75kg","Panama",1965679,"Female",179,0,1989-04-06
"Gold Medal",2024-08-10,"PHIL WIZARD","Breaking","B-Boys","Canada",1958888,"Male",0,0,1997-01-25
"Silver Medal",2024-08-10,"DANY DANN","Breaking","B-Boys","France",1880191,"Male",0,0,1988-05-03
"Bronze Medal",2024-08-10,"VICTOR","Breaking","B-Boys","United States",1955590,"Male",0,0,1994-05-01
"Gold Medal",2024-08-10,"Josef DOSTAL","Canoe Sprint","Men's Kayak Single 1000m","Czechia",1878715,"Male",0,0,1993-03-03
"Silver Medal",2024-08-10,"Adam VARGA","Canoe Sprint","Men's Kayak Single 1000m","Hungary",1570863,"Male",0,0,1999-11-20
"Bronze Medal",2024-08-10,"Balint KOPASZ","Canoe Sprint","Men's Kayak Single 1000m","Hungary",1569972,"Male",0,0,1997-06-20
"Gold Medal",2024-08-10,"Katie VINCENT","Canoe Sprint","Women's Canoe Single 200m","Canada",1964547,"Female",0,0,1996-03-12
"Silver Medal",2024-08-10,"Nevin HARRISON","Canoe Sprint","Women's Canoe Single 200m","United States",1955126,"Female",0,0,2002-06-02
"Bronze Medal",2024-08-10,"Yarisleidis CIRILO DUBOYS","Canoe Sprint","Women's Canoe Single 200m","Cuba",1564506,"Female",0,0,2002-05-10
"Gold Medal",2024-08-10,"Lisa CARRINGTON","Canoe Sprint","Women's Kayak Single 500m","New Zealand",1945383,"Female",0,0,1989-06-23
"Silver Medal",2024-08-10,"Tamara CSIPES","Canoe Sprint","Women's Kayak Single 500m","Hungary",1568350,"Female",0,0,1989-08-24
"Bronze Medal",2024-08-10,"Emma Aastrand JORGENSEN","Canoe Sprint","Women's Kayak Single 500m","Denmark",1892423,"Female",0,0,1996-01-30
"Gold Medal",2024-08-10,"CAO Yuan","Diving","Men's 10m Platform","China",1901556,"Male",0,0,1995-02-07
"Silver Medal",2024-08-10,"TAMAI Rikuto","Diving","Men's 10m Platform","Japan",1891685,"Male",0,0,2006-09-11
"Bronze Medal",2024-08-10,"Noah WILLIAMS","Diving","Men's 10m Platform","Great Britain",1900857,"Male",0,0,2000-05-15
"Gold Medal",2024-08-10,"Lydia KO","Golf","Women's Individual Stroke Play","New Zealand",1939553,"Female",165,0,1997-04-24
"Silver Medal",2024-08-10,"Esther HENSELEIT","Golf","Women's Individual Stroke Play","Germany",1892506,"Female",181,0,1999-01-14
"Bronze Medal",2024-08-10,"LIN Xiyu Janet","Golf","Women's Individual Stroke Play","China",1913218,"Female",171,0,1996-02-25
"Gold Medal",2024-08-10,"Ahmed ELGENDY","Modern Pentathlon","Men's Individual","Egypt",1932649,"Male",0,0,2000-03-01
"Silver Medal",2024-08-10,"SATO Taishu","Modern Pentathlon","Men's Individual","Japan",1887939,"Male",0,0,1993-10-20
"Bronze Medal",2024-08-10,"Giorgio MALAN","Modern Pentathlon","Men's Individual","Italy",1553031,"Male",0,0,2000-01-27
"Gold Medal",2024-08-10,"Janja GARNBRET","Sport Climbing","Women's Boulder & Lead","Slovenia",1981131,"Female",164,0,1999-03-12
"Silver Medal",2024-08-10,"Brooke RABOUTOU","Sport Climbing","Women's Boulder & Lead","United States",1950307,"Female",157,0,2001-04-09
"Bronze Medal",2024-08-10,"Jessica PILZ","Sport Climbing","Women's Boulder & Lead","Austria",1560673,"Female",165,0,1996-11-22
"Gold Medal",2024-08-10,"Arian SALIMI","Taekwondo","Men +80kg","IR Iran",1536045,"Male",0,0,2003-12-16
"Silver Medal",2024-08-10,"Caden CUNNINGHAM","Taekwondo","Men +80kg","Great Britain",1896149,"Male",0,0,2003-05-07
"Bronze Medal",2024-08-10,"Rafael ALBA","Taekwondo","Men +80kg","Cuba",1897088,"Male",0,0,1993-08-12
"Bronze Medal",2024-08-10,"Cheick Sallah CISSE","Taekwondo","Men +80kg","Côte d'Ivoire",1548401,"Male",0,0,1993-09-19
"Gold Medal",2024-08-10,"Althea LAURIN","Taekwondo","Women +67kg","France",1893272,"Female",0,0,2001-09-01
"Silver Medal",2024-08-10,"Svetlana OSIPOVA","Taekwondo","Women +67kg","Uzbekistan",1887768,"Female",0,0,2000-05-03
"Bronze Medal",2024-08-10,"LEE Dabin","Taekwondo","Women +67kg","Korea",1904039,"Female",0,0,1996-12-07
"Bronze Medal",2024-08-10,"Nafia KUS AYDIN","Taekwondo","Women +67kg","Türkiye",1566738,"Female",0,0,1995-02-20
"Gold Medal",2024-08-10,"Lasha TALAKHADZE","Weightlifting","Men's +102kg","Georgia",1551443,"Male",0,0,1993-10-02
"Silver Medal",2024-08-10,"Varazdat LALAYAN","Weightlifting","Men's +102kg","Armenia",1544424,"Male",0,0,1999-05-01
"Bronze Medal",2024-08-10,"Gor MINASYAN","Weightlifting","Men's +102kg","Bahrain",1540334,"Male",0,0,1994-10-25
"Gold Medal",2024-08-10,"LIU Huanhua","Weightlifting","Men's 102kg","China",1918369,"Male",0,0,2001-08-20
"Silver Medal",2024-08-10,"Akbar DJURAEV","Weightlifting","Men's 102kg","Uzbekistan",1551307,"Male",0,0,1999-10-08
"Gold Medal",2024-08-10,"Solfrid Eila Amena KOANDA","Weightlifting","Women's 81kg","Norway",1878625,"Female",0,0,1998-11-13
"Silver Medal",2024-08-10,"Sara AHMED","Weightlifting","Women's 81kg","Egypt",1563010,"Female",0,0,1998-01-01
"Bronze Medal",2024-08-10,"Neisi Patricia DAJOMES BARRERA","Weightlifting","Women's 81kg","Ecuador",1940308,"Female",0,0,1998-05-12
"Gold Medal",2024-08-10,"Geno PETRIASHVILI","Wrestling","Men's Freestyle 125kg","Georgia",1554885,"Male",0,0,1994-04-01
"Silver Medal",2024-08-10,"Amir Hossein ZARE","Wrestling","Men's Freestyle 125kg","IR Iran",1543088,"Male",0,0,2001-01-16
"Bronze Medal",2024-08-10,"Taha AKGUL","Wrestling","Men's Freestyle 125kg","Türkiye",1570546,"Male",0,0,1990-11-22
"Bronze Medal",2024-08-10,"Giorgi MESHVILDISHVILI","Wrestling","Men's Freestyle 125kg","Azerbaijan",1947172,"Male",0,0,1992-05-13
"Gold Medal",2024-08-10,"Razambek Salambekovitch JAMALOV","Wrestling","Men's Freestyle 74kg","Uzbekistan",1562164,"Male",0,0,1998-06-01
"Silver Medal",2024-08-10,"TAKATANI Daichi","Wrestling","Men's Freestyle 74kg","Japan",1939708,"Male",0,0,1994-11-22
"Bronze Medal",2024-08-10,"Kyle Douglas DAKE","Wrestling","Men's Freestyle 74kg","United States",1955345,"Male",0,0,1991-02-25
"Bronze Medal",2024-08-10,"Chermen VALIEV","Wrestling","Men's Freestyle 74kg","Albania",3429662,"Male",0,0,1998-12-10
"Gold Medal",2024-08-10,"MOTOKI Sakura","Wrestling","Women's Freestyle 62kg","Japan",1939702,"Female",0,0,2002-02-20
"Silver Medal",2024-08-10,"Iryna KOLIADENKO","Wrestling","Women's Freestyle 62kg","Ukraine",1897022,"Female",0,0,1998-08-28
"Bronze Medal",2024-08-10,"Aisuluu TYNYBEKOVA","Wrestling","Women's Freestyle 62kg","Kyrgyzstan",1902786,"Female",0,0,1993-05-04
"Bronze Medal",2024-08-10,"Grace Jacob BULLEN","Wrestling","Women's Freestyle 62kg","Norway",1878635,"Female",0,0,1997-02-07
"Gold Medal",2024-08-11,"Sifan HASSAN","Athletics","Women's Marathon","Netherlands",1972105,"Female",170,0,1993-01-01
"Silver Medal",2024-08-11,"Tigst ASSEFA","Athletics","Women's Marathon","Ethiopia",1901487,"Female",167,0,1996-12-03
"Bronze Medal",2024-08-11,"Hellen OBIRI","Athletics","Women's Marathon","Kenya",1932851,"Female",152,0,1989-12-13
"Gold Medal",2024-08-11,"Harrie LAVREYSEN","Cycling Track","Men's Keirin","Netherlands",1969182,"Male",0,0,1997-03-14
"Silver Medal",2024-08-11,"Matthew RICHARDSON","Cycling Track","Men's Keirin","Australia",1940263,"Male",0,0,1999-04-17
"Bronze Medal",2024-08-11,"Matthew GLAETZER","Cycling Track","Men's Keirin","Australia",1940262,"Male",0,0,1992-08-24
"Gold Medal",2024-08-11,"Jennifer VALENTE","Cycling Track","Women's Omnium","United States",1955106,"Female",0,0,1994-12-24
"Silver Medal",2024-08-11,"Daria PIKULIK","Cycling Track","Women's Omnium","Poland",1572953,"Female",0,0,1997-01-06
"Bronze Medal",2024-08-11,"Ally WOLLASTON","Cycling Track","Women's Omnium","New Zealand",1945080,"Female",0,0,2001-01-04
"Gold Medal",2024-08-11,"Ellesse ANDREWS","Cycling Track","Women's Sprint","New Zealand",1945040,"Female",0,0,1999-12-31
"Silver Medal",2024-08-11,"Lea FRIEDRICH","Cycling Track","Women's Sprint","Germany",1889704,"Female",0,0,2000-01-07
"Bronze Medal",2024-08-11,"Emma FINUCANE","Cycling Track","Women's Sprint","Great Britain",1912522,"Female",0,0,2002-12-22
"Gold Medal",2024-08-11,"Michelle GULYAS","Modern Pentathlon","Women's Individual","Hungary",1936619,"Female",0,0,2000-10-24
"Silver Medal",2024-08-11,"Elodie CLOUVEL","Modern Pentathlon","Women's Individual","France",1545116,"Female",0,0,1989-01-14
"Bronze Medal",2024-08-11,"SEONG Seungmin","Modern Pentathlon","Women's Individual","Korea",1786902,"Female",0,0,2003-05-13
"Gold Medal",2024-08-11,"LI Wenwen","Weightlifting","Women's +81kg","China",1918376,"Female",0,0,2000-03-05
"Silver Medal",2024-08-11,"PARK Hyejeong","Weightlifting","Women's +81kg","Korea",1894414,"Female",0,0,2003-03-12
"Bronze Medal",2024-08-11,"Emily CAMPBELL","Weightlifting","Women's +81kg","Great Britain",1544179,"Female",0,0,1994-05-06
"Gold Medal",2024-08-11,"KIYOOKA Kotaro","Wrestling","Men's Freestyle 65kg","Japan",1939700,"Male",0,0,2001-04-12
"Silver Medal",2024-08-11,"Rahman AMOUZADKHALILI","Wrestling","Men's Freestyle 65kg","IR Iran",1544830,"Male",0,0,2002-07-17
"Bronze Medal",2024-08-11,"Islam DUDAEV","Wrestling","Men's Freestyle 65kg","Albania",1559387,"Male",0,0,1995-01-15
"Gold Medal",2024-08-11,"Akhmed TAZHUDINOV","Wrestling","Men's Freestyle 97kg","Bahrain",1540305,"Male",0,0,2003-01-25
"Silver Medal",2024-08-11,"Givi MATCHARASHVILI","Wrestling","Men's Freestyle 97kg","Georgia",1552495,"Male",0,0,1997-05-17
"Bronze Medal",2024-08-11,"Magomedkhan MAGOMEDOV","Wrestling","Men's Freestyle 97kg","Azerbaijan",1981785,"Male",0,0,1998-01-27
"Bronze Medal",2024-08-11,"Amirali AZARPIRA","Wrestling","Men's Freestyle 97kg","IR Iran",1543095,"Male",0,0,2002-03-26
"Gold Medal",2024-08-11,"KAGAMI Yuka","Wrestling","Women's Freestyle 76kg","Japan",1939701,"Female",0,0,2001-09-14
"Silver Medal",2024-08-11,"Kennedy Alexis BLADES","Wrestling","Women's Freestyle 76kg","United States",1955344,"Female",0,0,2003-09-04
"Bronze Medal",2024-08-11,"Milaimy de la Carid. MARIN POTRILLE","Wrestling","Women's Freestyle 76kg","Cuba",1571936,"Female",0,0,2001-03-16
"Bronze Medal",2024-08-11,"Tatiana RENTERIA RENTERIA","Wrestling","Women's Freestyle 76kg","Colombia",1535513,"Female",0,0,2000-12-22
